28.9221992493,50.5542411804,2016-06-29 20:49:57.296772
28.6559486389,51.0992126465,2016-06-29 21:23:17.402687
28.8080921173,50.4800949097,2016-06-29 21:56:38.164913
28.4087142944,52.1075973511,2016-06-29 22:29:59.201927
28.3136253357,51.9741363525,2016-06-29 23:03:20.033585
28.218536377,52.2114028931,2016-06-29 23:36:40.969443
28.0663909912,52.7823257446,2016-06-30 00:10:01.993090
28.1234455109,52.6303291321,2016-06-30 00:43:22.920527
28.1805000305,52.2299423218,2016-06-30 01:16:43.645390
27.9713020325,53.2309112549,2016-06-30 01:50:04.645377
27.9142475128,52.9639854431,2016-06-30 02:23:25.645609
28.4657688141,51.8740386963,2016-06-30 02:56:46.325396
28.5608596802,50.861946106,2016-06-30 03:30:07.212797
27.1915645599,53.2939376831,2016-06-30 04:03:28.120039
27.3817443848,52.2188186646,2016-06-30 04:36:49.242425
27.4578170776,53.1456451416,2016-06-30 05:10:10.165719
27.3437080383,53.9167633057,2016-06-30 05:43:31.045679
27.8762111664,52.7267189026,2016-06-30 06:16:51.785426
27.8191566467,51.8851623535,2016-06-30 06:50:12.732786
28.218536377,53.9167633057,2016-06-30 07:23:33.654900
28.4087142944,54.1317863464,2016-06-30 07:56:54.576652
28.6559486389,53.4014472961,2016-06-30 08:30:15.496929
28.7890739441,52.0482826233,2016-06-30 09:03:36.413052
28.7700576782,52.3967666626,2016-06-30 09:36:57.330278
28.7890739441,51.6071166992,2016-06-30 10:10:18.250359
28.7130012512,52.2633056641,2016-06-30 10:43:39.072770
28.6939849854,51.8962860107,2016-06-30 11:16:59.998146
28.7700576782,50.2576599121,2016-06-30 11:50:20.818383
28.8271102905,51.1214599609,2016-06-30 12:23:41.475520
28.5608596802,51.2734565735,2016-06-30 12:57:02.346749
28.6179122925,51.1325798035,2016-06-30 13:30:23.225402
28.7130012512,50.0648803711,2016-06-30 14:03:44.491018
28.7320213318,49.7757110596,2016-06-30 14:37:05.423667
28.6559486389,50.2168769836,2016-06-30 15:10:26.315396
28.6939849854,50.0908279419,2016-06-30 15:43:47.184200
28.9031829834,49.8869247437,2016-06-30 16:17:08.118860
28.8841648102,48.5893707275,2016-06-30 16:50:29.042237
28.9412193298,49.7682952881,2016-06-30 17:23:49.955449
28.9412193298,49.4494667053,2016-06-30 17:57:10.818355
28.6749668121,50.3948287964,2016-06-30 18:30:31.535376
28.579875946,50.0537567139,2016-06-30 19:03:52.478168
28.6559486389,50.6395111084,2016-06-30 19:37:13.242167
28.5988960266,50.3725814819,2016-06-30 20:10:34.119395
28.7130012512,49.9981460571,2016-06-30 20:43:54.818369
28.5418395996,50.1093673706,2016-06-30 21:17:19.037680
28.9602355957,49.8127822876,2016-06-30 21:50:39.945456
28.9602355957,49.4198074341,2016-06-30 22:24:00.625515
29.0363082886,49.2863464355,2016-06-30 22:57:21.475427
28.9982719421,49.7645874023,2016-06-30 23:30:42.213180
29.0553264618,49.9721946716,2016-07-01 00:04:03.305661
29.2455062866,50.0315093994,2016-07-01 00:37:24.225383
29.074344635,49.9499511719,2016-07-01 01:10:45.091135
29.1313972473,49.8424377441,2016-07-01 01:44:05.965247
29.1313972473,49.5866355896,2016-07-01 02:17:26.955581
29.1123809814,49.6348304749,2016-07-01 02:50:47.605347
29.0363082886,49.8387298584,2016-07-01 03:24:08.431374
28.9792556763,50.2020492554,2016-07-01 03:57:29.325389
29.0172901154,49.5310287476,2016-07-01 04:30:50.175023
28.9221992493,50.2613639832,2016-07-01 05:04:11.045680
28.8841648102,50.1835098267,2016-07-01 05:37:31.818378
28.8271102905,50.7618484497,2016-07-01 06:10:52.738556
28.5228233337,49.7386360168,2016-07-01 06:44:13.595621
28.8461284637,50.7803878784,2016-07-01 07:17:34.481780
28.9221992493,50.1872177124,2016-07-01 07:50:55.395423
28.8841648102,50.6024360657,2016-07-01 08:24:16.319652
28.5228233337,50.2465362549,2016-07-01 08:57:37.242878
28.7890739441,51.0102386475,2016-07-01 09:30:58.165526
28.5608596802,49.7238082886,2016-07-01 10:04:19.045633
28.6749668121,49.6125869751,2016-07-01 10:37:39.818376
28.7510375977,50.4615592957,2016-07-01 11:11:00.665380
28.9221992493,49.7163925171,2016-07-01 11:44:22.315390
28.5988960266,49.3085861206,2016-07-01 12:17:43.594759
28.8080921173,49.2270278931,2016-07-01 12:51:04.335228
28.8080921173,48.4299583435,2016-07-01 13:24:25.247834
28.5228233337,47.0916213989,2016-07-01 13:57:46.175411
28.5608596802,45.5419692993,2016-07-01 14:31:07.045602
28.256570816,43.8922233582,2016-07-01 15:04:27.895438
28.8080921173,46.0239181519,2016-07-01 15:37:48.818392
28.865146637,46.6356277466,2016-07-01 16:11:09.605394
28.865146637,46.5688934326,2016-07-01 16:44:30.368374
28.8271102905,46.9359169006,2016-07-01 17:17:51.025481
28.9412193298,47.2658653259,2016-07-01 17:51:11.818377
28.7890739441,45.212020874,2016-07-01 18:24:32.675417
28.6179122925,42.0385742188,2016-07-01 18:57:53.418062
28.5418395996,42.2387695312,2016-07-01 19:31:14.333642
28.4847869873,41.5195503235,2016-07-01 20:04:35.055730
28.865146637,43.1136894226,2016-07-01 20:37:55.966418
28.7320213318,44.1406135559,2016-07-01 21:11:16.665646
28.8461284637,45.297290802,2016-07-01 21:44:37.355407
28.865146637,45.1823654175,2016-07-01 22:17:58.106773
28.9221992493,45.1712417603,2016-07-01 22:51:18.818355
29.0172901154,45.8645095825,2016-07-01 23:24:39.675362
29.2455062866,45.245388031,2016-07-01 23:58:00.325404
-59.435344696,27.34283638,2016-07-02 00:31:21.063781
-61.2800865173,27.3094711304,2016-07-02 01:04:41.951675
-61.2800865173,27.3094711304,2016-07-02 01:38:02.851494
-59.2451591492,27.3280067444,2016-07-02 02:11:23.613512
-62.5923271179,27.3280067444,2016-07-02 02:44:44.679803
-59.9488258362,27.3354225159,2016-07-02 03:18:05.510606
28.8461284637,46.9804039001,2016-07-02 03:51:26.327698
-62.0788383484,27.3465442657,2016-07-02 04:24:47.323529
-62.0788383484,27.3465442657,2016-07-02 04:58:08.285404
29.1504173279,46.1870422363,2016-07-02 05:31:29.105606
29.1504173279,46.1870422363,2016-07-02 06:04:49.834192
-63.7714424133,27.3280067444,2016-07-02 06:38:10.824140
-58.408367157,27.272397995,2016-07-02 07:11:31.613608
-62.8395576477,46.1907501221,2016-07-02 07:44:52.714237
29.2264881134,45.4789466858,2016-07-02 08:18:13.523630
28.9221992493,46.4168930054,2016-07-02 08:51:35.457498
28.8080921173,46.5577697754,2016-07-02 09:24:56.382502
28.8271102905,47.1361083984,2016-07-02 09:58:17.127604
29.1313972473,47.0805015564,2016-07-02 10:31:38.018984
28.5418395996,47.1286964417,2016-07-02 11:04:58.925360
29.0553264618,46.6838226318,2016-07-02 11:38:19.670224
29.0933609009,46.8469390869,2016-07-02 12:11:40.475402
29.3405952454,47.0397186279,2016-07-02 12:45:01.415512
28.9982719421,45.2157287598,2016-07-02 13:18:24.445454
28.7130012512,43.9107589722,2016-07-02 13:51:50.105392
-46.5411491394,27.413274765,2016-07-02 14:25:12.063495
-46.5411491394,27.413274765,2016-07-02 14:58:33.854214
-46.5411491394,27.413274765,2016-07-02 15:31:54.803171
-43.95470047,27.4169826508,2016-07-02 16:05:16.613633
28.8271102905,42.8282279968,2016-07-02 16:38:37.517677
28.8271102905,41.493598938,2016-07-02 17:11:58.557496
28.8271102905,41.493598938,2016-07-02 17:45:19.320001
28.865146637,41.4083328247,2016-07-02 18:18:40.065365
28.6559486389,41.1376991272,2016-07-02 18:52:00.818257
28.6559486389,41.1376991272,2016-07-02 19:25:21.679949
29.0553264618,43.6512489319,2016-07-02 19:58:42.595396
29.1123809814,44.1109542847,2016-07-02 20:32:03.375380
-50.2496528625,27.3094711304,2016-07-02 21:05:25.579515
-50.2496528625,27.3094711304,2016-07-02 21:38:52.042497
28.9031829834,44.2851982117,2016-07-02 22:12:12.955378
28.579875946,44.0368080139,2016-07-02 22:45:33.818344
29.074344635,44.8524131775,2016-07-02 23:18:54.603374
28.9602355957,44.7115364075,2016-07-02 23:52:15.524687
29.0933609009,45.33436203,2016-07-03 00:25:36.515385
-60.3672218323,27.3242988586,2016-07-03 00:58:58.386789
29.188451767,45.8978729248,2016-07-03 01:32:19.298728
29.0933609009,45.8978729248,2016-07-03 02:05:40.322822
29.0933609009,45.8978729248,2016-07-03 02:39:01.247566
-63.6383171082,27.2835197449,2016-07-03 03:12:22.180108
29.0172901154,48.0332794189,2016-07-03 03:45:43.089064
29.0172901154,48.0332794189,2016-07-03 04:19:04.004208
28.7510375977,47.0656738281,2016-07-03 04:52:24.935967
28.7130012512,47.0174789429,2016-07-03 05:25:47.818373
-68.0885162354,27.3317146301,2016-07-03 05:59:08.826491
-73.9460601807,27.2761039734,2016-07-03 06:32:30.613614
-73.9460601807,27.2761039734,2016-07-03 07:05:51.444465
-71.0933685303,27.1982517242,2016-07-03 07:39:12.213578
-62.3831291199,27.2427387238,2016-07-03 08:12:34.143497
29.6448841095,47.5513305664,2016-07-03 08:45:55.366270
29.7780094147,47.8849868774,2016-07-03 09:19:17.934762
-65.9585113525,27.150056839,2016-07-03 09:52:38.823531
29.7589912415,47.3696708679,2016-07-03 10:25:59.820582
-65.5781555176,27.1574707031,2016-07-03 10:59:25.663441
29.7399749756,47.8849868774,2016-07-03 11:32:46.496649
29.6639022827,48.192691803,2016-07-03 12:06:12.586901
29.8731002808,47.9702529907,2016-07-03 12:39:33.428612
29.8160457611,48.352104187,2016-07-03 13:12:54.213170
29.8160457611,48.352104187,2016-07-03 13:46:15.084126
29.8160457611,48.352104187,2016-07-03 14:19:35.853606
29.7019386292,47.8924026489,2016-07-03 14:52:56.695453
29.7589912415,46.5726013184,2016-07-03 15:26:17.606469
-65.8824310303,27.2242031097,2016-07-03 15:59:38.638923
29.720954895,47.3770828247,2016-07-03 16:32:59.407606
29.6639022827,46.3205032349,2016-07-03 17:06:20.397527
29.8731002808,44.9006080627,2016-07-03 17:39:41.356887
30.1773872375,45.245388031,2016-07-03 18:13:02.238799
30.0062255859,45.490070343,2016-07-03 18:46:23.208998
-57.115146637,27.1129837036,2016-07-03 19:19:44.043541
-57.115146637,27.1129837036,2016-07-03 19:53:04.854250
-57.115146637,27.1129837036,2016-07-03 20:26:27.828044
-57.115146637,27.1129837036,2016-07-03 20:59:48.820195
-51.5999336243,27.1315193176,2016-07-03 21:33:11.613628
30.1773872375,45.0266571045,2016-07-03 22:06:32.604389
30.1964054108,45.0785598755,2016-07-03 22:39:53.525373
30.2534599304,45.33436203,2016-07-03 23:13:14.412518
29.8350639343,45.212020874,2016-07-03 23:46:35.332849
-57.2102394104,27.2242031097,2016-07-04 00:19:56.378874
-57.4194374084,27.2242031097,2016-07-04 00:53:18.383533
-57.4194374084,27.2242031097,2016-07-04 01:26:39.355440
29.1504173279,45.6865539551,2016-07-04 02:00:00.092134
29.2074699402,45.3380699158,2016-07-04 02:33:26.032316
29.074344635,44.91173172,2016-07-04 03:06:46.933482
29.2455062866,45.5308494568,2016-07-04 03:40:07.752616
29.0553264618,45.8682136536,2016-07-04 04:13:28.475402
28.8841648102,46.8951339722,2016-07-04 04:46:54.240368
29.0933609009,46.1128959656,2016-07-04 05:20:14.935363
29.397649765,46.4094772339,2016-07-04 05:53:35.804222
29.4547042847,46.9062576294,2016-07-04 06:26:56.465407
29.6829185486,47.0805015564,2016-07-04 07:00:17.379450
29.8160457611,47.2844009399,2016-07-04 07:33:38.055555
30.1013145447,48.8081054688,2016-07-04 08:06:58.845405
30.0632781982,47.9405975342,2016-07-04 08:40:19.638778
30.0442619324,47.9702529907,2016-07-04 09:13:40.605379
30.0442619324,47.42527771,2016-07-04 09:47:01.489674
30.0442619324,47.5476226807,2016-07-04 10:20:22.195394
30.1203346252,47.2250862122,2016-07-04 10:53:43.447815
30.2344398499,48.122253418,2016-07-04 11:27:04.239521
30.2724761963,48.122253418,2016-07-04 12:00:26.605390
30.0632781982,48.2705459595,2016-07-04 12:33:47.404532
30.215423584,48.9934692383,2016-07-04 13:07:08.278900
30.1013145447,47.8924026489,2016-07-04 13:40:29.045401
30.215423584,48.0369873047,2016-07-04 14:13:50.818246
30.1964054108,50.1316070557,2016-07-04 14:47:11.623545
30.2914962769,48.2408866882,2016-07-04 15:20:32.653387
30.2344398499,48.4002990723,2016-07-04 15:53:53.782908
30.2534599304,48.352104187,2016-07-04 16:27:14.608801
30.3485488892,48.667224884,2016-07-04 17:00:35.435907
30.4436378479,47.7960128784,2016-07-04 17:33:56.255989
30.424621582,48.3261566162,2016-07-04 18:07:17.181281
-76.1711578369,27.0425453186,2016-07-04 18:40:38.343640
-69.8001403809,27.0499591827,2016-07-04 19:14:00.179824
-73.6417694092,27.0573749542,2016-07-04 19:47:22.123500
30.0632781982,49.7905349731,2016-07-04 20:20:43.016423
30.0632781982,49.7905349731,2016-07-04 20:54:04.036200
-70.6939849854,27.1055698395,2016-07-04 21:27:24.963521
-72.215423584,27.0944480896,2016-07-04 22:00:45.823522
-76.8367919922,27.2316169739,2016-07-04 22:34:07.957678
-70.2375488281,27.2464466095,2016-07-04 23:07:28.826424
29.0172901154,48.6338577271,2016-07-04 23:40:49.847662
28.5988960266,48.1482009888,2016-07-05 00:14:10.926616
28.5988960266,48.1482009888,2016-07-05 00:47:31.682138
29.3215789795,47.1435241699,2016-07-05 01:20:54.335421
29.0933609009,48.4225463867,2016-07-05 01:54:16.295031
29.4166679382,47.7663497925,2016-07-05 02:27:38.065386
28.8461284637,49.2826385498,2016-07-05 03:00:58.835363
29.0363082886,48.8637123108,2016-07-05 03:34:19.684310
29.9301528931,48.277961731,2016-07-05 04:07:40.445356
30.1393508911,48.2075195312,2016-07-05 04:41:01.451807
30.1013145447,48.4855651855,2016-07-05 05:14:22.457608
30.1583690643,48.997177124,2016-07-05 05:47:43.388509
-73.3374786377,27.1018619537,2016-07-05 06:21:04.419993
-67.4228973389,27.0907402039,2016-07-05 06:54:25.333530
30.1773872375,47.2213783264,2016-07-05 07:27:46.353198
30.1203346252,48.7784423828,2016-07-05 08:01:07.355468
30.1964054108,46.9359169006,2016-07-05 08:34:28.205860
29.6448841095,47.4883041382,2016-07-05 09:07:49.023034
30.1203346252,46.9804039001,2016-07-05 09:41:09.813171
30.0632781982,47.6514282227,2016-07-05 10:14:30.571468
30.0632781982,47.6514282227,2016-07-05 10:47:51.581939
29.9872074127,48.4596176147,2016-07-05 11:21:12.516845
-73.3755187988,27.1092758179,2016-07-05 11:54:33.433560
30.3865852356,47.7181549072,2016-07-05 12:27:54.459218
30.4816741943,47.5698623657,2016-07-05 13:01:15.355368
30.4436378479,47.618057251,2016-07-05 13:34:36.320302
30.4436378479,47.618057251,2016-07-05 14:07:57.232512
30.3295307159,47.618057251,2016-07-05 14:41:17.971900
30.3295307159,47.618057251,2016-07-05 15:14:38.854211
30.5577468872,47.529083252,2016-07-05 15:48:00.818268
30.5767650604,47.669960022,2016-07-05 16:21:26.675358
30.5006942749,47.8182525635,2016-07-05 16:54:47.475365
30.6528358459,47.5735702515,2016-07-05 17:28:08.432646
30.7669448853,46.2352371216,2016-07-05 18:01:29.181921
30.6147994995,47.1843032837,2016-07-05 18:34:50.257600
30.9381065369,47.2399139404,2016-07-05 19:08:11.185233
30.9571247101,47.3622550964,2016-07-05 19:41:32.074619
30.862033844,47.5105476379,2016-07-05 20:14:52.905421
30.9000701904,47.2399139404,2016-07-05 20:48:13.713428
30.9000701904,47.0211868286,2016-07-05 21:21:34.648578
30.8430175781,47.0879135132,2016-07-05 21:54:55.729750
30.9951591492,47.0767936707,2016-07-05 22:28:16.611984
30.8810539246,47.1843032837,2016-07-05 23:01:37.595385
30.9381065369,47.0842094421,2016-07-05 23:34:58.483230
30.9000701904,47.6588401794,2016-07-06 00:08:19.492400
30.9571247101,46.7097702026,2016-07-06 00:41:40.265372
30.9381065369,47.6440124512,2016-07-06 01:15:01.075624
30.9761428833,47.9405975342,2016-07-06 01:48:21.945674
30.7859630585,48.719127655,2016-07-06 02:21:42.820404
30.7289085388,48.0740585327,2016-07-06 02:55:03.681997
30.8430175781,48.719127655,2016-07-06 03:28:24.603224
30.7289085388,49.3197097778,2016-07-06 04:01:45.605347
30.9190883636,49.5829315186,2016-07-06 04:35:06.649601
30.9000701904,49.6385383606,2016-07-06 05:08:27.415417
30.9951591492,48.8525924683,2016-07-06 05:41:48.284180
30.9381065369,50.1390228271,2016-07-06 06:15:09.202904
-81.2679901123,26.9239120483,2016-07-06 06:48:30.233530
30.862033844,50.1056594849,2016-07-06 07:21:51.077985
30.8049812317,50.3132667542,2016-07-06 07:55:11.818288
30.6908721924,49.4420509338,2016-07-06 08:28:32.645375
30.8049812317,49.6051712036,2016-07-06 09:01:53.439853
30.862033844,49.8053665161,2016-07-06 09:35:14.547604
30.747926712,49.4198074341,2016-07-06 10:08:35.545383
30.9000701904,49.0194168091,2016-07-06 10:41:56.412895
30.9381065369,48.9786376953,2016-07-06 11:15:17.325385
-75.6766967773,27.0017642975,2016-07-06 11:48:38.252346
-69.3817443848,26.9535694122,2016-07-06 12:21:59.083547
30.9951591492,48.192691803,2016-07-06 12:55:20.081658
30.9571247101,48.5708351135,2016-07-06 13:28:40.996127
30.9000701904,48.474445343,2016-07-06 14:02:01.855364
30.9761428833,49.2121963501,2016-07-06 14:35:22.605388
31.0331954956,48.0332794189,2016-07-06 15:08:43.605381
30.8430175781,47.6773757935,2016-07-06 15:42:04.355396
30.9381065369,46.7727966309,2016-07-06 16:15:25.355380
31.1282863617,47.2362060547,2016-07-06 16:48:46.105964
31.2614135742,46.9359169006,2016-07-06 17:22:06.960254
31.071231842,46.6986465454,2016-07-06 17:55:28.105388
31.2614135742,46.9729919434,2016-07-06 18:28:48.855364
31.0331954956,46.5466499329,2016-07-06 19:02:10.537703
31.2614135742,47.0916213989,2016-07-06 19:35:31.355374
31.071231842,46.0090942383,2016-07-06 20:08:52.247657
-70.4847869873,26.9164962769,2016-07-06 20:42:13.243512
31.1853408813,47.9405975342,2016-07-06 21:15:34.164935
31.0902500153,47.5031356812,2016-07-06 21:48:54.920197
31.0141792297,47.5439147949,2016-07-06 22:22:15.810192
30.9000701904,47.0174789429,2016-07-06 22:55:36.557597
-58.5034599304,26.9943504333,2016-07-06 23:28:57.439804
30.7669448853,45.8904571533,2016-07-07 00:02:18.461154
30.5197105408,45.8311386108,2016-07-07 00:35:39.208455
30.747926712,45.33436203,2016-07-07 01:09:00.317261
30.5957832336,45.4789466858,2016-07-07 01:42:21.205691
30.5767650604,45.0970954895,2016-07-07 02:15:42.130911
-53.5778007507,27.0573749542,2016-07-07 02:49:03.080443
-49.6791191101,27.0203018188,2016-07-07 03:22:24.119279
-56.4305000305,27.009180069,2016-07-07 03:55:44.933820
30.6147994995,46.0795288086,2016-07-07 04:29:05.855358
-56.5065727234,27.0203018188,2016-07-07 05:02:27.690760
-63.4481315613,27.0388374329,2016-07-07 05:35:48.603481
-63.4481315613,46.2018737793,2016-07-07 06:09:09.519483
30.6147994995,46.2092857361,2016-07-07 06:42:30.749178
30.5767650604,46.8988418579,2016-07-07 07:15:52.800724
30.8239974976,46.3909454346,2016-07-07 07:49:13.824635
-62.2500038147,27.1315193176,2016-07-07 08:22:34.663526
-59.2641792297,27.0017642975,2016-07-07 08:55:55.580045
30.2344398499,46.4836273193,2016-07-07 09:29:16.417661
30.6147994995,47.3437194824,2016-07-07 10:02:37.313111
30.6338195801,46.8803062439,2016-07-07 10:35:58.063075
29.9491710663,47.5921096802,2016-07-07 11:09:18.845403
31.0331954956,46.0758209229,2016-07-07 11:42:39.665450
31.0331954956,46.0758209229,2016-07-07 12:16:02.520054
30.9951591492,46.5837249756,2016-07-07 12:49:23.341266
30.8049812317,46.7987442017,2016-07-07 13:22:44.176810
31.0902500153,46.1981658936,2016-07-07 13:56:04.845378
30.7669448853,45.8348464966,2016-07-07 14:29:25.625507
30.862033844,45.5864601135,2016-07-07 15:02:46.453075
30.8810539246,46.4206008911,2016-07-07 15:36:07.388278
-61.3751716614,43.2026672363,2016-07-07 16:09:28.254229
-69.0584411621,26.9980583191,2016-07-07 16:42:49.333461
-75.9809875488,49.2974662781,2016-07-07 17:16:10.284545
30.5197105408,48.1259613037,2016-07-07 17:49:31.605391
30.5767650604,46.4243087769,2016-07-07 18:22:53.520905
30.9951591492,46.3019676208,2016-07-07 18:56:14.535813
31.1473045349,46.0239181519,2016-07-07 19:29:35.463799
31.0522155762,45.7755317688,2016-07-07 20:02:56.363693
-60.8046379089,26.8979606628,2016-07-07 20:36:17.300059
-58.7697105408,26.9424476624,2016-07-07 21:09:38.553292
-59.3782844543,26.9276180267,2016-07-07 21:42:59.453591
30.9190883636,46.8172836304,2016-07-07 22:16:20.406208
30.9381065369,46.7913322449,2016-07-07 22:49:42.218491
31.0331954956,47.2955245972,2016-07-07 23:23:03.356447
30.9381065369,47.7070350647,2016-07-07 23:56:24.380182
31.2804298401,46.5651855469,2016-07-08 00:29:45.202527
30.8810539246,47.2547454834,2016-07-08 01:03:06.040882
30.9381065369,47.4920120239,2016-07-08 01:36:26.788710
30.862033844,48.1037139893,2016-07-08 02:09:47.683926
30.9761428833,48.36693573,2016-07-08 02:43:08.488678
30.9000701904,47.9517173767,2016-07-08 03:16:29.227627
30.9951591492,47.8886947632,2016-07-08 03:49:52.191500
30.8810539246,48.1519088745,2016-07-08 04:23:13.207741
-69.8001403809,26.957277298,2016-07-08 04:56:34.037143
30.747926712,48.385471344,2016-07-08 05:29:55.050668
30.7098903656,48.0221557617,2016-07-08 06:03:15.974231
30.6908721924,48.5300559998,2016-07-08 06:36:36.730889
30.8430175781,47.6773757935,2016-07-08 07:09:57.415387
30.4816741943,48.3780555725,2016-07-08 07:43:18.226891
30.7098903656,48.8081054688,2016-07-08 08:16:39.049609
30.9000701904,48.7154197693,2016-07-08 08:49:59.818267
29.9111366272,52.6822319031,2016-07-08 09:23:20.715596
-90.130355835,27.2242031097,2016-07-08 09:56:41.823513
29.511756897,49.6088790894,2016-07-08 10:30:02.734896
29.5497932434,48.9081993103,2016-07-08 11:03:23.542226
29.5497932434,48.9081993103,2016-07-08 11:36:44.561505
-67.8032531738,26.9313259125,2016-07-08 12:10:05.553537
-72.5957794189,26.957277298,2016-07-08 12:43:26.519840
-71.9111328125,27.0128860474,2016-07-08 13:16:47.449231
-68.2216491699,26.9461555481,2016-07-08 13:50:08.483578
-65.5971679688,26.9869346619,2016-07-08 14:23:29.412540
-65.4260101318,26.9276180267,2016-07-08 14:56:50.368397
-67.7842407227,26.9313259125,2016-07-08 15:30:11.243181
-67.1946716309,26.9683990479,2016-07-08 16:03:32.823515
31.1473045349,47.3177680969,2016-07-08 16:36:53.735463
31.1092681885,47.1064529419,2016-07-08 17:10:14.649274
31.2233772278,46.8432312012,2016-07-08 17:43:35.567746
31.0331954956,47.5216674805,2016-07-08 18:16:56.245384
31.0331954956,47.1805992126,2016-07-08 18:50:17.006027
31.1473045349,48.5411758423,2016-07-08 19:23:37.928531
31.565700531,47.8516197205,2016-07-08 19:56:58.665399
31.6037368774,46.3983573914,2016-07-08 20:30:19.605381
31.3945388794,46.9766960144,2016-07-08 21:03:40.669702
32.0411491394,47.2287940979,2016-07-08 21:37:01.385492
31.8129348755,46.6207962036,2016-07-08 22:10:22.197658
31.8509693146,46.6504516602,2016-07-08 22:43:43.075556
31.5847167969,45.9052886963,2016-07-08 23:17:03.818255
31.3755187988,46.2648925781,2016-07-08 23:50:24.675411
31.1473045349,46.5614776611,2016-07-09 00:23:45.415381
30.9571247101,45.4159240723,2016-07-09 00:57:06.281278
30.5767650604,46.5318222046,2016-07-09 01:30:27.341870
-63.9996528625,26.9943504333,2016-07-09 02:03:48.287138
-64.7793884277,26.9943504333,2016-07-09 02:37:09.083470
-58.9218559265,46.8506469727,2016-07-09 03:10:30.043323
-63.7904624939,27.0203018188,2016-07-09 03:43:51.823490
-63.7904624939,27.0203018188,2016-07-09 04:17:12.690104
30.6147994995,47.3437194824,2016-07-09 04:50:33.440092
30.6147994995,46.3909454346,2016-07-09 05:23:54.350256
30.6908721924,46.6133804321,2016-07-09 05:57:15.148140
30.8810539246,46.7505493164,2016-07-09 06:30:36.171298
30.8239974976,46.4725036621,2016-07-09 07:03:58.218446
-64.1137695312,26.9683990479,2016-07-09 07:37:19.253501
-62.1168785095,26.9350337982,2016-07-09 08:10:41.313218
30.7669448853,47.7441101074,2016-07-09 08:44:03.165405
31.2043571472,48.5708351135,2016-07-09 09:17:23.935379
31.4325752258,48.1667404175,2016-07-09 09:50:44.605384
31.5276641846,49.2640991211,2016-07-09 10:24:05.684688
31.6227531433,49.0639076233,2016-07-09 10:57:26.552775
31.7939147949,48.7042999268,2016-07-09 11:30:47.277411
31.9460601807,49.5495605469,2016-07-09 12:04:08.094654
32.0601654053,50.1464385986,2016-07-09 12:37:29.017008
31.9460601807,50.4096565247,2016-07-09 13:10:50.046492
32.0411491394,49.7312202454,2016-07-09 13:44:10.818364
-72.804977417,26.7200107574,2016-07-09 14:17:31.683482
-74.9730377197,26.7088890076,2016-07-09 14:50:52.493570
31.9460601807,49.6570739746,2016-07-09 15:24:13.358066
-76.6656341553,26.7904491425,2016-07-09 15:57:34.118936
32.0791854858,49.3345413208,2016-07-09 16:30:55.026883
-71.6829223633,26.7459602356,2016-07-09 17:04:15.943401
-74.3454437256,26.7014732361,2016-07-09 17:37:36.826464
31.9650764465,49.0453720093,2016-07-09 18:10:57.587612
32.1172218323,47.8998146057,2016-07-09 18:44:22.763503
32.1742744446,48.192691803,2016-07-09 19:17:43.579261
32.0411491394,48.663520813,2016-07-09 19:51:05.555414
31.9460601807,48.9489822388,2016-07-09 20:24:26.395450
32.1362380981,48.8970794678,2016-07-09 20:57:47.285357
31.9840965271,48.78956604,2016-07-09 21:31:08.219980
31.9080238342,48.441078186,2016-07-09 22:04:29.021204
31.8699874878,48.4670333862,2016-07-09 22:37:49.818368
31.889005661,48.389175415,2016-07-09 23:11:10.845415
31.9080238342,48.3743515015,2016-07-09 23:44:31.818382
31.679807663,49.049079895,2016-07-10 00:17:52.495449
31.6607894897,48.6894683838,2016-07-10 00:51:13.315612
31.7178440094,48.8859558105,2016-07-10 01:24:34.665338
31.7748985291,49.2455635071,2016-07-10 01:57:55.527635
-69.5338897705,26.816400528,2016-07-10 02:31:16.497416
31.5466804504,50.3058547974,2016-07-10 03:04:42.145410
-76.3233032227,26.8312282562,2016-07-10 03:38:03.013487
-75.2392883301,26.8460578918,2016-07-10 04:11:23.786838
-75.2963409424,26.7978630066,2016-07-10 04:44:44.610294
-76.8938446045,26.8571796417,2016-07-10 05:18:05.523517
31.6227531433,49.1009788513,2016-07-10 05:51:26.441099
31.5276641846,48.6301498413,2016-07-10 06:24:47.269823
31.7368621826,49.1640014648,2016-07-10 06:58:08.185129
31.7368621826,49.1640014648,2016-07-10 07:31:29.100255
31.7368621826,49.1640014648,2016-07-10 08:04:50.019673
-71.5688171387,26.8794231415,2016-07-10 08:38:11.051781
31.7939147949,47.9628372192,2016-07-10 09:11:38.221897
31.6988258362,47.810836792,2016-07-10 09:44:59.095628
31.7178440094,46.7431373596,2016-07-10 10:18:20.996379
31.565700531,47.3993301392,2016-07-10 10:51:41.804746
31.8699874878,46.9544525146,2016-07-10 11:25:02.663781
31.3374843597,45.7421646118,2016-07-10 11:58:23.449035
31.9460601807,45.4492874146,2016-07-10 12:31:44.244242
31.8319511414,46.6356277466,2016-07-10 13:05:05.207250
-61.4892845154,26.7348384857,2016-07-10 13:38:26.130549
32.003112793,46.1314315796,2016-07-10 14:11:49.095723
32.0411491394,45.6161193848,2016-07-10 14:45:10.030374
31.9270401001,46.2352371216,2016-07-10 15:18:30.956547
31.7368621826,46.6504516602,2016-07-10 15:51:51.685363
31.6037368774,48.78956604,2016-07-10 16:25:12.616783
31.0902500153,48.559715271,2016-07-10 16:58:33.522481
31.6227531433,47.0323066711,2016-07-10 17:31:55.143084
31.2804298401,48.0406913757,2016-07-10 18:05:16.054939
31.4515914917,47.4215736389,2016-07-10 18:38:36.977094
31.4515914917,45.4789466858,2016-07-10 19:11:57.785374
30.8430175781,46.3093833923,2016-07-10 19:45:19.818279
31.1473045349,46.1462631226,2016-07-10 20:18:40.818259
31.3184661865,45.7903594971,2016-07-10 20:52:01.596967
31.2233772278,45.768119812,2016-07-10 21:25:22.651965
31.2423934937,45.0970954895,2016-07-10 21:58:43.625419
31.2423934937,44.789390564,2016-07-10 22:32:04.694517
31.1092681885,45.085975647,2016-07-10 23:05:26.658126
31.1282863617,44.878364563,2016-07-10 23:38:47.435377
31.1282863617,44.7671470642,2016-07-11 00:12:08.195398
-56.3734474182,26.9090824127,2016-07-11 00:45:29.233578
30.8810539246,45.5419692993,2016-07-11 01:18:50.083142
30.9761428833,46.4576721191,2016-07-11 01:52:11.090503
-61.1659736633,26.9202041626,2016-07-11 02:25:33.063596
-61.9837532043,26.9461555481,2016-07-11 02:58:53.929609
-63.9426002502,26.9535694122,2016-07-11 03:32:14.823524
30.9571247101,47.3066482544,2016-07-11 04:05:36.516755
31.1663227081,47.1212806702,2016-07-11 04:38:57.288077
31.0141792297,47.2547454834,2016-07-11 05:12:18.212567
31.0902500153,47.4586448669,2016-07-11 05:45:39.097784
30.6528358459,47.2732810974,2016-07-11 06:18:59.977745
-69.2105865479,27.0499591827,2016-07-11 06:52:22.013643
-69.1725463867,26.9943504333,2016-07-11 07:25:42.963502
30.9571247101,47.5105476379,2016-07-11 07:59:03.783369
31.2614135742,46.9618682861,2016-07-11 08:32:24.675381
-63.3340263367,26.8757171631,2016-07-11 09:05:45.733523
-63.3340263367,26.8757171631,2016-07-11 09:39:06.544230
29.188451767,49.6904411316,2016-07-11 10:12:27.534478
29.2645244598,48.64868927,2016-07-11 10:45:48.222336
29.0933609009,49.6385383606,2016-07-11 11:19:09.107157
31.2233772278,46.6393318176,2016-07-11 11:52:29.930764
31.4896278381,46.1462631226,2016-07-11 12:25:50.765591
31.9270401001,45.2713394165,2016-07-11 12:59:11.520989
31.8699874878,44.5780715942,2016-07-11 13:32:32.417347
31.5086460114,44.930267334,2016-07-11 14:05:53.163223
32.0982055664,44.6633415222,2016-07-11 14:39:13.845390
32.3073997498,43.8996391296,2016-07-11 15:12:34.950704
32.1172218323,43.6104698181,2016-07-11 15:45:55.675412
-44.981678009,26.6347427368,2016-07-11 16:19:16.502077
-46.3509712219,26.5865478516,2016-07-11 16:52:37.328673
32.5546340942,42.9097900391,2016-07-11 17:25:58.168532
32.6116867065,42.9505691528,2016-07-11 17:59:18.924709
-36.0432243347,26.7200107574,2016-07-11 18:32:39.823528
-36.0432243347,26.7200107574,2016-07-11 19:06:00.882375
-36.0432243347,26.7200107574,2016-07-11 19:39:21.719350
32.3264198303,41.982963562,2016-07-11 20:12:42.545368
32.0221328735,42.0830612183,2016-07-11 20:46:03.377579
31.8509693146,41.7827682495,2016-07-11 21:19:24.175407
31.3755187988,41.2563323975,2016-07-11 21:52:45.015465
31.4325752258,41.5492095947,2016-07-11 22:26:05.818268
31.5847167969,41.9533042908,2016-07-11 22:59:26.766630
31.1282863617,42.4352531433,2016-07-11 23:32:47.820452
31.1853408813,42.2610092163,2016-07-12 00:06:08.575382
30.5006942749,41.8865737915,2016-07-12 00:39:29.441332
30.3105125427,42.123840332,2016-07-12 01:12:50.175379
29.8350639343,42.3759384155,2016-07-12 01:46:11.045373
29.7589912415,42.4426689148,2016-07-12 02:19:31.818374
29.9491710663,42.7318382263,2016-07-12 02:52:52.606141
29.8160457611,42.331451416,2016-07-12 03:26:13.385380
30.0252437592,41.7975997925,2016-07-12 03:59:34.338111
29.9111366272,42.9876403809,2016-07-12 04:32:55.168030
-41.3492393494,27.1092758179,2016-07-12 05:06:16.043519
30.4436378479,43.0692024231,2016-07-12 05:39:37.515373
30.862033844,43.1211051941,2016-07-12 06:12:58.548478
30.8049812317,45.6012878418,2016-07-12 06:46:19.479104
-57.115146637,27.0128860474,2016-07-12 07:19:40.403553
31.2804298401,44.4038314819,2016-07-12 07:53:01.415410
31.2804298401,44.5484161377,2016-07-12 08:26:22.159777
31.2423934937,44.0887107849,2016-07-12 08:59:43.068850
31.0141792297,41.1265792847,2016-07-12 09:33:03.938953
-38.6106529236,27.3836174011,2016-07-12 10:06:24.803545
31.7748985291,41.4009170532,2016-07-12 10:39:45.705940
-39.2572631836,26.7422542572,2016-07-12 11:13:08.593494
32.0601654053,42.0237426758,2016-07-12 11:46:29.507262
32.3264198303,40.6779937744,2016-07-12 12:19:50.457667
32.0791854858,40.5371170044,2016-07-12 12:53:11.298620
32.212310791,40.6854095459,2016-07-12 13:26:32.282076
32.3264198303,37.7306900024,2016-07-12 13:59:53.226820
31.7939147949,37.5638618469,2016-07-12 14:33:14.147926
32.3644561768,38.946685791,2016-07-12 15:06:35.095699
32.5736541748,39.313709259,2016-07-12 15:39:55.975369
32.3454360962,38.2163467407,2016-07-12 16:13:16.724587
32.5356178284,39.087562561,2016-07-12 16:46:38.505372
32.9540138245,37.9790802002,2016-07-12 17:19:59.215437
33.1251754761,38.3720550537,2016-07-12 17:53:20.000880
32.6116867065,38.1978111267,2016-07-12 18:26:40.803781
32.6877593994,38.9503936768,2016-07-12 19:00:01.577670
32.5165977478,36.8594741821,2016-07-12 19:33:22.475423
32.212310791,37.0300102234,2016-07-12 20:06:43.225407
31.565700531,36.0327453613,2016-07-12 20:40:04.194125
31.2614135742,36.0401611328,2016-07-12 21:13:25.095728
30.6528358459,35.3802642822,2016-07-12 21:46:45.937914
30.9381065369,35.8547973633,2016-07-12 22:20:07.008936
31.0331954956,36.5925483704,2016-07-12 22:53:27.935459
31.0522155762,36.2477722168,2016-07-12 23:26:48.815383
30.6908721924,37.3747901917,2016-07-13 00:00:09.630515
30.1964054108,37.2561569214,2016-07-13 00:33:30.543775
30.3295307159,36.6222076416,2016-07-13 01:06:51.281608
29.9491710663,37.9049339294,2016-07-13 01:40:11.995386
30.0822982788,37.5379104614,2016-07-13 02:13:34.372162
29.0172901154,37.6083488464,2016-07-13 02:46:55.235377
28.6369304657,37.6565437317,2016-07-13 03:20:15.980221
28.3326416016,38.3386878967,2016-07-13 03:53:45.025831
28.256570816,43.8292007446,2016-10-20 20:40:46.321137
27.9142475128,43.0803222656,2016-10-20 21:14:06.428229
27.6479949951,41.7642326355,2016-10-20 21:47:27.336634
26.7921867371,42.246181488,2016-10-20 22:20:47.977422
26.582988739,41.5862808228,2016-10-20 22:54:09.197489
26.3928089142,43.9255905151,2016-10-20 23:27:30.227490
26.0695037842,43.0988616943,2016-10-21 00:00:51.165782
26.0695037842,43.3287124634,2016-10-21 00:34:12.088219
25.936378479,44.1369056702,2016-10-21 01:07:32.977489
25.7081623077,43.2842254639,2016-10-21 01:40:53.930984
25.5560188293,43.5733947754,2016-10-21 02:14:14.850735
26.6780776978,41.45652771,2016-10-21 02:47:35.770794
27.6099586487,41.0820922852,2016-10-21 03:20:56.896560
27.8952293396,40.5927276611,2016-10-21 03:54:17.742719
28.0663909912,41.6752586365,2016-10-21 04:27:38.612428
28.2946071625,41.8902816772,2016-10-21 05:00:59.352568
28.3136253357,43.2471542358,2016-10-21 05:34:20.355948
28.4657688141,42.8134002686,2016-10-21 06:07:41.264245
28.9982719421,43.2063751221,2016-10-21 06:41:02.205461
28.370677948,47.2621612549,2016-10-21 07:14:23.145430
28.7130012512,44.718952179,2016-10-21 07:47:43.978854
27.9713020325,41.2229690552,2016-10-21 08:21:04.896136
28.7890739441,44.0516357422,2016-10-21 08:54:26.157721
28.9602355957,42.123840332,2016-10-21 09:27:47.730581
28.9412193298,41.3712615967,2016-10-21 10:01:08.417434
29.074344635,40.3369216919,2016-10-21 10:34:29.158203
29.4356861115,41.1265792847,2016-10-21 11:07:49.957513
29.4737205505,41.9940872192,2016-10-21 11:41:10.684728
29.3405952454,42.2758407593,2016-10-21 12:14:32.192686
29.511756897,43.8811035156,2016-10-21 12:47:53.112171
29.4737205505,39.0245361328,2016-10-21 13:21:13.768878
27.4578170776,37.4044494629,2016-10-21 13:54:34.650092
27.8381748199,36.7519645691,2016-10-21 14:27:55.537684
29.0553264618,36.7556724548,2016-10-21 15:01:16.296957
28.7510375977,37.3080596924,2016-10-21 15:34:37.222741
28.7890739441,36.2292327881,2016-10-21 16:07:58.149143
29.0933609009,38.2089309692,2016-10-21 16:41:18.887448
29.3025588989,39.9773139954,2016-10-21 17:14:39.827706
28.9602355957,37.9012260437,2016-10-21 17:48:00.722185
29.3405952454,39.2358551025,2016-10-21 18:21:21.647376
29.2455062866,38.1681518555,2016-10-21 18:54:42.683322
27.8191566467,36.2106971741,2016-10-21 19:28:03.499809
28.4467506409,37.0893287659,2016-10-21 20:01:24.416778
29.5878295898,37.4452285767,2016-10-21 20:34:45.427697
29.6639022827,38.9800491333,2016-10-21 21:08:06.383764
29.7970275879,39.0838546753,2016-10-21 21:41:27.277750
29.2835426331,40.9004325867,2016-10-21 22:14:48.612380
4.73132801056,27.0870323181,2016-10-21 22:48:09.555612
4.73132801056,27.0870323181,2016-10-21 23:21:30.472945
4.73132801056,27.0870323181,2016-10-21 23:54:51.398084
4.73132801056,27.0870323181,2016-10-22 00:28:12.214383
29.720954895,35.6249427795,2016-10-22 01:01:33.036931
-8.67634963989,27.1760082245,2016-10-22 01:34:55.025644
29.6639022827,36.6036720276,2016-10-22 02:08:15.803597
29.6639022827,36.6036720276,2016-10-22 02:41:36.619739
-9.96957206726,27.1871299744,2016-10-22 03:14:57.505657
29.6068477631,36.5517692566,2016-10-22 03:48:18.979980
29.511756897,37.7640571594,2016-10-22 04:21:39.798182
29.4927406311,36.4108924866,2016-10-22 04:55:00.517718
29.4927406311,36.4108924866,2016-10-22 05:28:21.281485
27.9522838593,39.9513626099,2016-10-22 06:01:42.377552
26.7921867371,42.20911026,2016-10-22 06:35:03.077697
26.4308452606,40.7373123169,2016-10-22 07:08:23.797686
25.6891441345,40.1700935364,2016-10-22 07:41:44.705023
25.9744129181,39.0912704468,2016-10-22 08:15:05.437529
25.5750350952,41.73828125,2016-10-22 08:48:26.257688
25.5179824829,40.6742858887,2016-10-22 09:21:47.027528
25.5369987488,40.6742858887,2016-10-22 09:55:07.717715
25.11860466,40.9486274719,2016-10-22 10:28:28.610120
25.4609279633,40.1218986511,2016-10-22 11:01:49.671607
24.6431541443,40.1552658081,2016-10-22 11:35:10.612322
26.08852005,40.1107788086,2016-10-22 12:08:31.579772
26.2406654358,41.1117477417,2016-10-22 12:41:52.501650
27.0013847351,42.3277435303,2016-10-22 13:15:13.260529
-41.5584373474,27.5763969421,2016-10-22 13:48:33.975620
27.8762111664,40.8707733154,2016-10-22 14:21:55.335798
28.1044273376,42.0756454468,2016-10-22 14:55:16.104934
28.4087142944,41.4157485962,2016-10-22 15:28:36.882187
28.4087142944,41.4157485962,2016-10-22 16:01:57.739218
28.4087142944,41.4157485962,2016-10-22 16:35:18.664909
-48.6711616516,27.3576660156,2016-10-22 17:08:39.605640
-48.6711616516,27.3576660156,2016-10-22 17:42:00.512941
31.0902500153,50.6024360657,2016-10-22 18:15:21.352501
33.1441917419,50.6024360657,2016-10-22 18:48:42.093951
30.2724761963,42.5798377991,2016-10-22 21:03:51.697771
30.1393508911,43.0654945374,2016-10-22 21:22:00.008299
31.0141792297,41.4602355957,2016-10-22 21:33:23.321572
30.538728714,40.4592628479,2016-10-22 22:06:43.374593
30.0062255859,41.6122360229,2016-10-22 22:40:05.133106
29.5307769775,42.5724258423,2016-10-22 23:13:25.968238
29.2835426331,42.0830612183,2016-10-22 23:46:46.893629
29.2074699402,42.7614974976,2016-10-23 00:20:07.818498
29.0172901154,42.3796463013,2016-10-23 00:53:28.640305
28.7700576782,41.7790603638,2016-10-23 01:26:49.438127
28.5608596802,41.3119430542,2016-10-23 02:00:10.384141
28.3516616821,40.8559455872,2016-10-23 02:33:31.306559
28.1805000305,39.8030700684,2016-10-23 03:06:52.174533
28.0283546448,39.9291191101,2016-10-23 03:40:13.147742
27.8952293396,39.7808265686,2016-10-23 04:13:33.964216
27.6099586487,39.2877578735,2016-10-23 04:46:56.020907
27.6289787292,40.2257041931,2016-10-23 05:20:17.048311
27.3817443848,39.7511672974,2016-10-23 05:53:38.156399
27.3817443848,39.7585830688,2016-10-23 06:26:58.964440
26.7731685638,40.3220939636,2016-10-23 07:00:19.864611
26.6020069122,41.5195503235,2016-10-23 07:33:40.944241
26.8492393494,40.1960449219,2016-10-23 08:07:01.854744
28.16147995,39.0282440186,2016-10-23 08:40:22.993628
28.047372818,39.9958496094,2016-10-23 09:13:44.017753
27.5529060364,44.4557342529,2016-10-23 09:47:04.747514
28.0663909912,41.6900863647,2016-10-23 10:20:25.564820
28.1044273376,42.0941848755,2016-10-23 10:53:47.509347
28.3326416016,43.9849052429,2016-10-23 11:27:08.428499
28.1044273376,42.5575942993,2016-10-23 12:00:29.254826
28.1805000305,46.4020652771,2016-10-23 12:33:50.173907
28.2375526428,42.2424736023,2016-10-23 13:07:10.985979
28.218536377,40.0922393799,2016-10-23 13:40:32.021369
27.7811222076,38.8502960205,2016-10-23 14:13:52.864520
28.4277324677,37.5379104614,2016-10-23 14:47:13.840169
28.6179122925,37.4341049194,2016-10-23 15:20:34.774676
28.256570816,37.1894226074,2016-10-23 15:53:55.784685
28.4847869873,37.1560592651,2016-10-23 16:27:17.438176
27.0964736938,37.7529335022,2016-10-23 17:00:38.390064
-37.2033195496,139.188369751,2016-10-23 17:33:59.298461
28.2946071625,40.8930168152,2016-10-23 18:07:20.066120
27.8191566467,42.3203277588,2016-10-23 18:40:41.194008
27.7050495148,41.0153579712,2016-10-23 19:14:02.075005
27.3817443848,39.6733169556,2016-10-23 19:47:22.987246
27.8001403809,45.1267547607,2016-10-23 20:20:43.874657
27.6670131683,43.8032493591,2016-10-23 20:54:04.874601
27.7050495148,41.3119430542,2016-10-23 21:27:25.755233
27.5719242096,40.2108764648,2016-10-23 22:00:47.344763
27.1535282135,39.9513626099,2016-10-23 22:34:08.154521
26.7731685638,39.9624862671,2016-10-23 23:07:29.062001
26.6590614319,40.5704803467,2016-10-23 23:40:49.874693
26.3357543945,40.2182884216,2016-10-24 00:14:11.060506
26.2787017822,40.2850189209,2016-10-24 00:47:31.947768
26.1836109161,41.197013855,2016-10-24 01:20:52.834836
26.1455745697,40.7410202026,2016-10-24 01:54:13.874718
26.3167381287,41.3267707825,2016-10-24 02:27:34.809027
26.1075401306,41.560333252,2016-10-24 03:00:55.833695
26.1836109161,41.5380859375,2016-10-24 03:34:18.174566
26.5069160461,41.8902816772,2016-10-24 04:07:39.034848
26.5449523926,42.472328186,2016-10-24 04:40:59.874413
26.582988739,43.3731994629,2016-10-24 05:14:20.644516
26.7161140442,43.9367103577,2016-10-24 05:47:41.566520
26.9253120422,44.6114387512,2016-10-24 06:21:02.690520
27.1345100403,44.9339752197,2016-10-24 06:54:23.421750
27.5909423828,44.5669517517,2016-10-24 07:27:44.324824
28.0283546448,43.1322250366,2016-10-24 08:01:05.263267
27.9522838593,40.9226760864,2016-10-24 08:34:27.039139
27.9713020325,40.9745788574,2016-10-24 09:07:47.974615
28.579875946,41.578868866,2016-10-24 09:41:08.859197
29.8160457611,43.1693000793,2016-10-24 10:14:29.778646
29.4356861115,41.5825767517,2016-10-24 10:47:51.015090
30.0062255859,41.2711639404,2016-10-24 11:21:12.182058
30.7289085388,42.8134002686,2016-10-24 11:54:33.068516
31.1282863617,44.6188545227,2016-10-24 12:27:53.952962
31.0902500153,44.0442237854,2016-10-24 13:01:14.701589
31.0902500153,43.8106613159,2016-10-24 13:34:35.738175
30.8049812317,43.8625640869,2016-10-24 14:07:56.560027
30.8049812317,43.8625640869,2016-10-24 14:41:17.488393
29.397649765,42.4093017578,2016-10-24 15:14:38.438206
29.6448841095,43.3657875061,2016-10-24 15:47:59.174417
29.5307769775,43.8922233582,2016-10-24 16:21:20.260355
29.5307769775,48.0592269897,2016-10-24 16:54:41.207179
29.8731002808,52.6155014038,2016-10-24 17:28:01.974861
28.3136253357,46.6578674316,2016-10-24 18:01:22.955062
29.9681892395,46.8358192444,2016-10-24 18:34:43.969749
30.8049812317,49.6088790894,2016-10-24 19:08:10.025599
27.4578170776,41.823551178,2016-10-24 19:41:30.949500
29.8350639343,42.1349639893,2016-10-24 20:14:51.914575
30.2534599304,42.2128143311,2016-10-24 20:48:12.864566
30.1013145447,42.3017921448,2016-10-24 21:21:33.807644
29.7019386292,41.6937942505,2016-10-24 21:54:54.614570
27.8571929932,42.298084259,2016-10-24 22:28:17.608458
27.2676353455,43.3435440063,2016-10-24 23:01:38.499833
27.2105827332,42.3351593018,2016-10-24 23:34:59.438030
26.7161140442,43.0692024231,2016-10-25 00:08:20.300208
26.4878997803,43.9181747437,2016-10-25 00:41:41.174570
26.2977180481,43.9737854004,2016-10-25 01:15:02.021561
26.2977180481,44.5595359802,2016-10-25 01:48:22.843062
26.0695037842,44.2444152832,2016-10-25 02:21:43.759565
26.08852005,43.9292984009,2016-10-25 02:55:04.876430
25.8603057861,44.3964157104,2016-10-25 03:28:25.812875
25.8222694397,43.9404182434,2016-10-25 04:01:46.671503
25.5750350952,45.5530929565,2016-10-25 04:35:07.485193
25.6511077881,43.6475410461,2016-10-25 05:08:29.204799
26.2216472626,42.8690071106,2016-10-25 05:41:50.102408
26.6400432587,43.0284233093,2016-10-25 06:15:10.940794
27.2105827332,44.7449035645,2016-10-25 06:48:31.863284
27.6289787292,45.2565078735,2016-10-25 07:21:52.718859
27.7050495148,45.9646034241,2016-10-25 07:55:13.710794
27.3627262115,45.4270477295,2016-10-25 08:28:34.632626
27.4578170776,46.5911369324,2016-10-25 09:01:55.551368
27.3437080383,46.1240158081,2016-10-25 09:35:16.473990
27.0964736938,46.3279190063,2016-10-25 10:08:37.365151
27.1345100403,46.1091880798,2016-10-25 10:41:58.244652
27.2866535187,48.300201416,2016-10-25 11:15:19.117564
27.5148696899,48.2408866882,2016-10-25 11:48:39.975309
27.8001403809,50.0871200562,2016-10-25 12:22:00.986460
27.7811222076,48.1482009888,2016-10-25 12:55:22.174541
27.724067688,47.4623527527,2016-10-25 13:28:42.931832
27.8001403809,47.3696708679,2016-10-25 14:02:03.795746
27.7430858612,47.5846939087,2016-10-25 14:35:24.560165
27.9903182983,46.4725036621,2016-10-25 15:08:45.791502
28.2375526428,47.0842094421,2016-10-25 15:42:06.711183
27.933265686,49.3271255493,2016-10-25 16:15:27.632595
27.724067688,48.6190299988,2016-10-25 16:48:48.612417
27.6479949951,48.6449813843,2016-10-25 17:22:09.365242
27.9713020325,51.4884796143,2016-10-25 17:55:30.411188
28.1995162964,53.2939376831,2016-10-25 18:28:51.289730
27.8952293396,52.9009628296,2016-10-25 19:02:12.056060
27.8952293396,52.9009628296,2016-10-25 19:35:33.183362
26.9443302155,49.8164901733,2016-10-25 20:08:53.997635
26.050485611,49.9759025574,2016-10-25 20:42:14.926647
26.6970977783,48.6449813843,2016-10-25 21:15:35.774593
26.6970977783,48.9193191528,2016-10-25 21:48:56.807301
26.5069160461,48.0443992615,2016-10-25 22:22:17.691582
26.3928089142,48.5671310425,2016-10-25 22:55:38.818385
26.2787017822,48.174156189,2016-10-25 23:28:59.739719
26.1836109161,47.9962043762,2016-10-26 00:02:21.614629
25.9553947449,47.7255706787,2016-10-26 00:35:42.464612
26.050485611,48.1444969177,2016-10-26 01:09:03.364648
25.9744129181,47.8330841064,2016-10-26 01:42:24.464573
25.8983421326,47.9220581055,2016-10-26 02:15:45.464652
25.727180481,48.667224884,2016-10-26 02:49:06.601855
25.7081623077,48.2520065308,2016-10-26 03:22:29.474683
25.6891441345,47.9183502197,2016-10-26 03:55:50.274603
25.7461967468,47.9702529907,2016-10-26 04:29:11.253405
25.76521492,47.5698623657,2016-10-26 05:02:32.019443
25.5560188293,47.9739608765,2016-10-26 05:35:53.044580
25.4989643097,48.0369873047,2016-10-26 06:09:13.854524
-76.3613433838,27.7506389618,2016-10-26 06:42:34.793324
-72.2534637451,49.6125869751,2016-10-26 07:15:55.613355
-78.1109924316,27.5615673065,2016-10-26 07:49:16.740292
27.9522838593,49.1751251221,2016-10-26 08:22:37.564797
-74.7067871094,27.4985427856,2016-10-26 08:55:58.382710
-74.7067871094,27.4985427856,2016-10-26 09:29:19.393402
28.9412193298,49.7831230164,2016-10-26 10:02:40.114591
29.5307769775,50.6024360657,2016-10-26 10:36:00.872446
30.0442619324,51.1733627319,2016-10-26 11:09:22.546945
-79.0999298096,27.1611785889,2016-10-26 11:42:43.432663
29.8540802002,49.7645874023,2016-10-26 12:16:04.740097
29.8540802002,49.7645874023,2016-10-26 12:49:25.495548
29.3786315918,36.4627952576,2016-12-30 19:42:37.215788
29.8160457611,36.347869873,2016-12-30 20:15:57.322621
29.5497932434,36.5035743713,2016-12-30 20:49:18.251236
29.2455062866,36.2069892883,2016-12-30 21:22:39.264100
29.2455062866,36.0698204041,2016-12-30 21:56:00.168047
29.1313972473,35.8028945923,2016-12-30 22:29:21.022387
28.5228233337,36.2625999451,2016-12-30 23:02:41.912390
28.8080921173,36.6704025269,2016-12-30 23:36:02.869593
29.3025588989,35.7769432068,2016-12-31 00:09:23.769889
29.6258659363,33.7379302979,2016-12-31 00:42:44.613710
29.6639022827,34.9539222717,2016-12-31 01:16:05.393084
29.4547042847,35.1800689697,2016-12-31 01:49:26.252400
29.2455062866,36.0957717896,2016-12-31 02:22:47.022351
29.1123809814,36.1402587891,2016-12-31 02:56:07.983029
28.8080921173,36.1884536743,2016-12-31 03:29:28.985109
28.8461284637,36.8446464539,2016-12-31 04:02:49.872520
28.7130012512,37.5898132324,2016-12-31 04:36:10.767595
28.370677948,36.9373283386,2016-12-31 05:09:31.712647
28.1805000305,36.2144050598,2016-12-31 05:42:52.624260
28.047372818,37.5898132324,2016-12-31 06:16:13.452433
28.0093383789,37.0633773804,2016-12-31 06:49:34.427351
27.8952293396,37.4341049194,2016-12-31 07:22:55.233854
28.16147995,37.8196640015,2016-12-31 07:56:16.112645
28.3896980286,38.9355621338,2016-12-31 08:29:37.029864
28.8080921173,38.664932251,2016-12-31 09:02:57.882484
29.0553264618,40.0959472656,2016-12-31 09:36:18.733456
29.0363082886,37.3970336914,2016-12-31 10:09:39.658722
29.3405952454,38.3980026245,2016-12-31 10:43:00.523045
29.511756897,37.5119590759,2016-12-31 11:16:21.381913
29.4166679382,36.3219146729,2016-12-31 11:49:42.283984
29.2264881134,37.897518158,2016-12-31 12:23:03.105417
29.2645244598,37.3822059631,2016-12-31 12:56:23.962424
29.4166679382,36.7148895264,2016-12-31 13:29:44.889863
28.865146637,38.368347168,2016-12-31 14:03:05.682981
29.188451767,37.6343002319,2016-12-31 14:36:26.544187
27.9142475128,40.8225784302,2016-12-31 15:09:47.463376
27.1915645599,41.1525268555,2016-12-31 15:43:08.496773
26.7161140442,41.352722168,2016-12-31 16:16:29.906567
26.7161140442,41.771648407,2016-12-31 16:49:50.824500
26.9823665619,41.649307251,2016-12-31 17:23:11.724604
27.9713020325,41.5825767517,2016-12-31 17:56:32.585731
28.4087142944,41.686378479,2016-12-31 18:29:53.519946
27.6670131683,40.7892150879,2016-12-31 19:03:14.362259
27.9903182983,40.1441421509,2016-12-31 19:36:35.263688
28.0854091644,39.6696090698,2016-12-31 20:09:56.157381
29.2074699402,39.7511672974,2016-12-31 20:43:17.158225
29.3786315918,39.4694137573,2016-12-31 21:16:37.992754
28.8461284637,38.913318634,2016-12-31 21:49:58.872800
28.4847869873,38.6352729797,2016-12-31 22:23:19.782345
28.16147995,39.3544883728,2016-12-31 22:56:40.690637
29.3405952454,41.0598449707,2016-12-31 23:30:01.594283
29.4927406311,39.7919502258,2017-01-01 00:03:22.498028
29.5497932434,38.4536132812,2017-01-01 00:36:42.405226
29.3215789795,38.2904930115,2017-01-01 01:10:03.309307
29.8350639343,37.3933258057,2017-01-01 01:43:24.099309
31.1853408813,35.317237854,2017-01-01 02:16:44.967990
31.7178440094,33.7675857544,2017-01-01 02:50:05.910522
31.8129348755,33.9084625244,2017-01-01 03:23:26.806993
31.6607894897,33.0224189758,2017-01-01 03:56:47.808387
31.3755187988,32.9000778198,2017-01-01 04:30:08.706588
31.2043571472,33.1966629028,2017-01-01 05:03:29.763553
31.0522155762,33.2745170593,2017-01-01 05:36:50.629778
30.6528358459,32.8148117065,2017-01-01 06:10:11.387477
30.6147994995,32.5997886658,2017-01-01 06:43:32.208012
30.3105125427,32.6034965515,2017-01-01 07:16:52.993088
30.3485488892,33.6230010986,2017-01-01 07:50:13.876851
30.5006942749,33.9677810669,2017-01-01 08:23:34.779016
30.6718559265,34.4756813049,2017-01-01 08:56:55.628145
30.6528358459,33.6600761414,2017-01-01 09:30:16.398093
30.4816741943,33.6934394836,2017-01-01 10:03:37.277580
30.6147994995,34.0419273376,2017-01-01 10:36:58.167578
30.747926712,33.8862228394,2017-01-01 11:10:19.076801
30.8239974976,32.5849571228,2017-01-01 11:43:39.962038
30.9381065369,31.4245738983,2017-01-01 12:17:00.814980
30.9761428833,29.7340450287,2017-01-01 12:50:21.782490
30.5767650604,30.2827243805,2017-01-01 13:23:42.628110
29.9872074127,29.0667304993,2017-01-01 13:57:03.496201
28.9602355957,31.6062316895,2017-01-01 14:30:24.405442
29.8540802002,31.1020393372,2017-01-01 15:03:46.387601
30.5197105408,32.7443733215,2017-01-01 15:37:07.349184
31.1473045349,31.3096466064,2017-01-01 16:10:28.256948
31.2423934937,29.8044834137,2017-01-01 16:43:49.157209
31.1282863617,31.4653549194,2017-01-01 17:17:09.948426
31.2233772278,31.2466239929,2017-01-01 17:50:30.698006
31.3945388794,31.5394992828,2017-01-01 18:23:51.645865
31.6037368774,31.6433048248,2017-01-01 18:57:12.573981
31.9650764465,31.0390148163,2017-01-01 19:30:33.481790
31.6417713165,30.816576004,2017-01-01 20:03:54.387633
29.2835426331,34.3941192627,2017-01-01 20:37:15.218044
