28.6939849854,51.3846740723,2016-06-29 20:45:50.818270
28.9792556763,51.0843849182,2016-06-29 20:47:56.019882
28.8841648102,51.247505188,2016-06-29 20:47:58.027526
28.8841648102,51.5181388855,2016-06-29 20:48:00.034938
28.9031829834,50.8137512207,2016-06-29 20:48:02.042602
28.9792556763,50.9583358765,2016-06-29 20:48:04.051371
28.8271102905,51.036190033,2016-06-29 20:48:06.060236
28.9221992493,51.4514083862,2016-06-29 20:48:08.069125
28.9031829834,50.861946106,2016-06-29 20:48:10.077998
28.9602355957,50.861946106,2016-06-29 20:48:12.086625
28.9221992493,50.7729721069,2016-06-29 20:48:14.095314
28.9031829834,50.5505332947,2016-06-29 20:48:16.104002
28.8271102905,51.21043396,2016-06-29 20:48:18.112591
28.9792556763,51.1251678467,2016-06-29 20:48:20.121316
28.8841648102,50.9435081482,2016-06-29 20:48:22.130145
28.9982719421,50.8841934204,2016-06-29 20:48:24.138878
28.9602355957,50.9731674194,2016-06-29 20:48:26.147794
28.9031829834,50.3132667542,2016-06-29 20:48:28.155365
28.7700576782,51.388381958,2016-06-29 20:48:30.164017
28.9792556763,51.0139465332,2016-06-29 20:48:32.172685
28.9982719421,50.7766799927,2016-06-29 20:49:48.655872
28.7320213318,51.0510177612,2016-06-29 21:23:08.761730
28.8271102905,50.5801925659,2016-06-29 21:56:29.495471
28.4087142944,51.4439926147,2016-06-29 22:29:50.702398
28.2946071625,52.2595977783,2016-06-29 23:03:11.665365
28.047372818,52.0927734375,2016-06-29 23:36:32.495377
28.0854091644,52.9491577148,2016-06-30 00:09:53.385360
28.1424636841,52.4004745483,2016-06-30 00:43:14.212203
28.2755889893,52.4115982056,2016-06-30 01:16:35.342310
27.8762111664,52.8824234009,2016-06-30 01:49:56.268644
28.0283546448,51.9222335815,2016-06-30 02:23:17.195588
28.3326416016,51.4254570007,2016-06-30 02:56:38.109113
28.6559486389,50.6580429077,2016-06-30 03:29:58.985624
27.229598999,52.8824234009,2016-06-30 04:03:20.449820
27.3246898651,52.6636962891,2016-06-30 04:36:41.564207
27.3246898651,53.4755935669,2016-06-30 05:10:02.435435
27.229598999,53.9575424194,2016-06-30 05:43:23.202762
27.9713020325,52.7712059021,2016-06-30 06:16:44.128895
27.8001403809,51.9926757812,2016-06-30 06:50:05.045577
28.256570816,53.6572494507,2016-06-30 07:23:25.975019
28.2946071625,54.0205688477,2016-06-30 07:56:46.885362
28.6179122925,52.9343261719,2016-06-30 08:30:07.714351
28.7130012512,52.6006698608,2016-06-30 09:03:28.515389
28.7510375977,52.1298446655,2016-06-30 09:36:49.445330
28.5988960266,52.070526123,2016-06-30 10:10:10.365508
28.6939849854,51.6886749268,2016-06-30 10:43:31.195412
28.5228233337,51.9852600098,2016-06-30 11:16:52.113451
28.6369304657,50.9175567627,2016-06-30 11:50:13.036895
28.7320213318,51.2771644592,2016-06-30 12:23:33.818345
28.6559486389,50.8953132629,2016-06-30 12:56:54.768959
28.6559486389,50.2873153687,2016-06-30 13:30:15.682744
28.6749668121,50.0722923279,2016-06-30 14:03:36.465358
28.7320213318,50.3243865967,2016-06-30 14:36:57.231452
28.7510375977,49.9202957153,2016-06-30 15:10:18.160744
28.7890739441,50.6320953369,2016-06-30 15:43:39.045584
28.9031829834,49.2529792786,2016-06-30 16:17:04.725418
28.9982719421,49.4457588196,2016-06-30 16:50:25.565435
28.9412193298,49.4531707764,2016-06-30 17:23:46.475398
28.8841648102,49.3864440918,2016-06-30 17:57:07.452784
28.7130012512,50.3688735962,2016-06-30 18:30:28.285410
28.4847869873,50.4356079102,2016-06-30 19:03:49.195357
28.6749668121,50.1835098267,2016-06-30 19:37:10.231041
28.579875946,50.4949264526,2016-06-30 20:10:31.149707
28.6559486389,50.0908279419,2016-06-30 20:43:52.184894
28.6179122925,51.0621414185,2016-06-30 21:17:13.000340
28.9412193298,49.1417617798,2016-06-30 21:50:33.915379
29.1313972473,49.6125869751,2016-06-30 22:23:54.818263
29.1123809814,48.7302474976,2016-06-30 22:57:15.765189
29.0553264618,49.1343460083,2016-06-30 23:30:36.605383
29.0553264618,50.2094650269,2016-07-01 00:03:57.468875
29.1313972473,49.8980484009,2016-07-01 00:37:18.325333
29.074344635,49.9017562866,2016-07-01 01:10:39.083174
29.074344635,50.6506309509,2016-07-01 01:44:00.085699
29.1313972473,49.3753204346,2016-07-01 02:17:21.945454
29.1504173279,49.6200027466,2016-07-01 02:50:42.605375
29.1123809814,49.6644897461,2016-07-01 03:24:03.605219
29.074344635,49.3938560486,2016-07-01 03:57:24.440855
28.7510375977,49.6941452026,2016-07-01 04:30:45.362339
28.8841648102,50.6098480225,2016-07-01 05:04:06.181529
28.8461284637,49.9017562866,2016-07-01 05:37:27.045650
28.8461284637,50.1909255981,2016-07-01 06:10:47.925698
28.5228233337,50.8916053772,2016-07-01 06:44:08.748315
28.7700576782,50.6580429077,2016-07-01 07:17:29.654467
28.8080921173,50.8582382202,2016-07-01 07:50:50.818274
28.8271102905,50.9879951477,2016-07-01 08:24:11.653757
28.6749668121,49.5087814331,2016-07-01 08:57:32.455348
28.7130012512,50.7025337219,2016-07-01 09:30:53.352027
28.5988960266,50.3948287964,2016-07-01 10:04:14.155381
28.6749668121,49.3234176636,2016-07-01 10:37:35.045659
28.7130012512,49.7386360168,2016-07-01 11:10:55.818282
29.0553264618,48.6449813843,2016-07-01 11:44:16.818275
28.6179122925,50.3577537537,2016-07-01 12:17:37.951139
28.865146637,48.911907196,2016-07-01 12:50:58.818268
28.8271102905,48.3928833008,2016-07-01 13:24:20.639923
28.4847869873,47.1843032837,2016-07-01 13:57:41.567404
28.579875946,44.5706596375,2016-07-01 14:31:02.215409
28.2755889893,44.1591491699,2016-07-01 15:04:23.322227
28.7700576782,45.4455795288,2016-07-01 15:37:44.243979
28.7320213318,46.7134780884,2016-07-01 16:11:04.975219
28.8841648102,47.0471343994,2016-07-01 16:44:26.945375
28.9031829834,46.5985527039,2016-07-01 17:17:47.818374
28.8841648102,47.4141578674,2016-07-01 17:51:08.675435
28.865146637,44.756023407,2016-07-01 18:24:29.641257
28.5988960266,41.7827682495,2016-07-01 18:57:50.550777
28.5608596802,41.790184021,2016-07-01 19:31:11.466557
28.4467506409,41.1636505127,2016-07-01 20:04:32.382902
28.7700576782,42.5983734131,2016-07-01 20:37:53.185357
28.7510375977,43.7772979736,2016-07-01 21:11:13.959733
28.8080921173,44.6299743652,2016-07-01 21:44:34.818272
28.8461284637,44.841293335,2016-07-01 22:17:56.630096
28.9412193298,45.4604110718,2016-07-01 22:51:17.575399
28.9221992493,45.2009010315,2016-07-01 23:24:39.415381
29.1313972473,45.7718238831,2016-07-01 23:58:00.227316
28.8841648102,45.9201164246,2016-07-02 00:31:21.057841
29.0553264618,46.3056755066,2016-07-02 01:04:41.945728
29.1504173279,46.2648925781,2016-07-02 01:38:02.845717
28.9602355957,45.8941650391,2016-07-02 02:11:23.609278
28.9602355957,46.5466499329,2016-07-02 02:44:44.673785
28.9221992493,46.0276260376,2016-07-02 03:18:05.505930
-64.8935089111,27.3502502441,2016-07-02 03:51:26.333530
28.865146637,46.4317245483,2016-07-02 04:24:47.317670
28.9602355957,46.8543548584,2016-07-02 04:58:08.245403
29.0172901154,46.3946533203,2016-07-02 05:31:29.045347
28.8461284637,47.0990371704,2016-07-02 06:04:49.818324
28.9602355957,46.7765045166,2016-07-02 06:38:10.820976
29.2455062866,45.7755317688,2016-07-02 07:11:31.607594
29.2455062866,46.6319198608,2016-07-02 07:44:52.707622
-56.9059486389,27.2761039734,2016-07-02 08:18:13.529741
-61.9457130432,27.3354225159,2016-07-02 08:51:35.463522
-62.7634849548,27.3576660156,2016-07-02 09:24:56.388696
-65.7112731934,27.3539581299,2016-07-02 09:58:17.133488
-65.1977844238,27.2946414948,2016-07-02 10:31:38.023579
28.5038051605,47.9962043762,2016-07-02 11:04:58.855367
29.1313972473,46.3575782776,2016-07-02 11:38:19.605382
29.1313972473,46.3575782776,2016-07-02 12:11:40.482403
29.397649765,46.3279190063,2016-07-02 12:45:01.514191
28.9031829834,45.419631958,2016-07-02 13:18:24.487162
28.6179122925,43.0061798096,2016-07-02 13:51:50.225521
28.5228233337,43.3546638489,2016-07-02 14:25:12.061936
28.8271102905,43.6401290894,2016-07-02 14:58:33.818376
28.8080921173,42.9394454956,2016-07-02 15:31:54.800298
28.5038051605,42.8467636108,2016-07-02 16:05:16.607608
-43.6123809814,27.3539581299,2016-07-02 16:38:37.523533
-43.6123809814,27.3539581299,2016-07-02 17:11:58.576936
29.0363082886,40.6335067749,2016-07-02 17:45:19.235386
28.9221992493,40.7521400452,2016-07-02 18:18:40.159678
28.7890739441,40.9597473145,2016-07-02 18:52:00.899834
28.9982719421,42.6020812988,2016-07-02 19:25:21.672591
28.9982719421,42.6020812988,2016-07-02 19:58:42.600635
29.1694335938,44.91173172,2016-07-02 20:32:03.436631
29.0553264618,44.1554412842,2016-07-02 21:05:25.579278
28.9412193298,44.2481231689,2016-07-02 21:38:52.029690
28.9412193298,44.2481231689,2016-07-02 22:12:12.963930
28.3896980286,43.7772979736,2016-07-02 22:45:33.890266
28.3896980286,43.7772979736,2016-07-02 23:18:54.624201
-53.1784248352,27.3280067444,2016-07-02 23:52:15.530742
-53.1784248352,27.3280067444,2016-07-03 00:25:36.566418
28.9792556763,46.1166038513,2016-07-03 00:58:58.380716
-59.0740013123,27.2835197449,2016-07-03 01:32:19.303691
29.1504173279,46.3835296631,2016-07-03 02:05:40.319681
29.2455062866,46.5095748901,2016-07-03 02:39:01.244241
29.188451767,46.7876243591,2016-07-03 03:12:22.174331
-70.1614837646,27.3168849945,2016-07-03 03:45:43.089295
28.9792556763,47.0211868286,2016-07-03 04:19:03.975708
28.9792556763,47.0211868286,2016-07-03 04:52:24.942173
28.7130012512,47.0656738281,2016-07-03 05:25:47.855351
28.9412193298,47.618057251,2016-07-03 05:59:08.820493
29.2264881134,48.8006896973,2016-07-03 06:32:30.607589
29.397649765,48.4892730713,2016-07-03 07:05:51.395369
29.6258659363,48.3039093018,2016-07-03 07:39:12.207501
29.397649765,46.5726013184,2016-07-03 08:12:34.140862
29.5688114166,48.3965911865,2016-07-03 08:45:55.075642
-68.8302307129,27.168592453,2016-07-03 09:19:17.940790
29.8731002808,47.3400115967,2016-07-03 09:52:38.820523
-66.1867218018,27.1723003387,2016-07-03 10:25:59.826649
29.8350639343,47.2621612549,2016-07-03 10:59:25.662239
29.7970275879,46.9173812866,2016-07-03 11:32:46.512890
29.7399749756,48.1778640747,2016-07-03 12:06:12.710863
29.7970275879,47.6959152222,2016-07-03 12:39:33.585397
29.7970275879,47.6959152222,2016-07-03 13:12:54.319457
29.5497932434,47.7292785645,2016-07-03 13:46:15.075656
29.5497932434,46.9173812866,2016-07-03 14:19:35.818263
29.7399749756,46.9507446289,2016-07-03 14:52:56.589905
-62.097858429,27.1723003387,2016-07-03 15:26:17.612529
29.4927406311,47.2695732117,2016-07-03 15:59:38.632834
-66.262802124,27.1797142029,2016-07-03 16:32:59.413560
-60.8807106018,27.1908378601,2016-07-03 17:06:20.403622
-60.8807106018,27.1908378601,2016-07-03 17:39:41.374780
-54.9661140442,27.0907402039,2016-07-03 18:13:02.243609
-56.3544273376,27.1241054535,2016-07-03 18:46:23.213541
30.0632781982,45.6457748413,2016-07-03 19:19:44.037655
29.8350639343,44.8635368347,2016-07-03 19:53:04.845724
29.7399749756,45.330657959,2016-07-03 20:26:27.818264
29.5307769775,43.6141738892,2016-07-03 20:59:48.818379
29.9681892395,44.5558319092,2016-07-03 21:33:11.607581
-53.8440513611,27.0907402039,2016-07-03 22:06:32.610397
-53.8440513611,27.0907402039,2016-07-03 22:39:53.544212
-53.8440513611,27.0907402039,2016-07-03 23:13:14.415389
-55.0612068176,27.1574707031,2016-07-03 23:46:35.338981
29.4927406311,45.579044342,2016-07-04 00:19:56.372768
29.4927406311,45.6198272705,2016-07-04 00:53:18.377597
29.074344635,44.826461792,2016-07-04 01:26:39.295386
29.1504173279,45.0303649902,2016-07-04 01:59:59.965355
29.0553264618,45.0933876038,2016-07-04 02:33:29.278603
28.9602355957,45.3640213013,2016-07-04 03:06:50.205510
29.2645244598,47.3363037109,2016-07-04 03:40:10.972825
29.1504173279,46.2055778503,2016-07-04 04:13:31.818360
28.865146637,46.1610908508,2016-07-04 04:46:52.818363
29.1313972473,46.1685028076,2016-07-04 05:20:13.605368
29.2645244598,45.4122161865,2016-07-04 05:53:34.415379
29.6639022827,46.8580627441,2016-07-04 06:26:55.374185
29.7970275879,46.9692840576,2016-07-04 07:00:16.175407
29.8731002808,47.2362060547,2016-07-04 07:33:37.075578
29.8731002808,47.2362060547,2016-07-04 08:06:58.894491
-68.8872833252,27.1129837036,2016-07-04 08:40:19.643624
30.0252437592,48.0925941467,2016-07-04 09:13:40.691131
30.0252437592,48.0925941467,2016-07-04 09:47:01.516026
30.0252437592,47.3993301392,2016-07-04 10:20:22.302066
30.2724761963,47.1472320557,2016-07-04 10:53:43.508700
30.2724761963,47.1472320557,2016-07-04 11:27:04.262905
30.3105125427,48.0369873047,2016-07-04 12:00:26.872292
30.1393508911,48.277961731,2016-07-04 12:33:47.664520
30.1203346252,48.9749298096,2016-07-04 13:07:08.424799
30.2534599304,48.4002990723,2016-07-04 13:40:29.187495
30.1393508911,47.9739608765,2016-07-04 14:13:50.920178
30.1393508911,47.9739608765,2016-07-04 14:47:11.682923
30.1393508911,47.9739608765,2016-07-04 15:20:32.674198
-71.1123809814,27.079618454,2016-07-04 15:53:53.789042
30.215423584,49.189956665,2016-07-04 16:27:14.813227
30.3865852356,49.2233200073,2016-07-04 17:00:35.640229
30.424621582,48.6153259277,2016-07-04 17:33:56.461049
30.424621582,48.6153259277,2016-07-04 18:07:17.224179
30.424621582,49.4160995483,2016-07-04 18:40:38.337612
30.3865852356,48.1667404175,2016-07-04 19:14:00.173891
30.3485488892,48.9081993103,2016-07-04 19:47:22.121363
30.3485488892,48.9081993103,2016-07-04 20:20:43.044155
30.2914962769,48.4781532288,2016-07-04 20:54:04.005377
30.1013145447,48.2964935303,2016-07-04 21:27:24.959788
30.1583690643,48.6042022705,2016-07-04 22:00:45.820592
29.4547042847,49.3975639343,2016-07-04 22:34:07.953228
29.3786315918,48.1000061035,2016-07-04 23:07:28.820472
-73.242401123,27.3168849945,2016-07-04 23:40:49.853556
28.6369304657,48.7487869263,2016-07-05 00:14:10.855218
28.9412193298,47.8664474487,2016-07-05 00:47:31.605379
28.9412193298,47.8664474487,2016-07-05 01:20:54.354232
28.9412193298,47.8664474487,2016-07-05 01:54:16.325685
29.4547042847,48.3298606873,2016-07-05 02:27:38.216616
28.7890739441,49.6237106323,2016-07-05 03:00:59.105345
29.1504173279,48.841468811,2016-07-05 03:34:19.855374
29.8921165466,48.1296691895,2016-07-05 04:07:40.849125
30.1773872375,48.5708351135,2016-07-05 04:41:01.605364
-71.6639099121,27.1055698395,2016-07-05 05:14:22.463545
-74.2313232422,27.0944480896,2016-07-05 05:47:43.393508
30.1203346252,48.8155174255,2016-07-05 06:21:04.413936
30.1773872375,47.6736679077,2016-07-05 06:54:25.330202
30.215423584,47.1731834412,2016-07-05 07:27:46.385943
30.1964054108,47.7663497925,2016-07-05 08:01:07.573964
30.1583690643,47.8516197205,2016-07-05 08:34:28.346122
29.6448841095,46.9062576294,2016-07-05 09:07:49.215370
30.0632781982,46.9285011292,2016-07-05 09:41:10.051530
30.1203346252,48.0518112183,2016-07-05 10:14:30.816963
30.1964054108,48.0073242188,2016-07-05 10:47:51.575421
30.1964054108,48.0073242188,2016-07-05 11:21:12.522819
30.0822982788,48.8192253113,2016-07-05 11:54:33.427651
30.3675670624,47.7404022217,2016-07-05 12:27:54.595341
30.5006942749,47.6254730225,2016-07-05 13:01:15.431057
30.5006942749,47.6254730225,2016-07-05 13:34:36.336249
30.3865852356,47.4549407959,2016-07-05 14:07:57.155377
30.3105125427,48.2297668457,2016-07-05 14:41:17.935382
30.538728714,47.6217651367,2016-07-05 15:14:38.818271
30.6908721924,48.003616333,2016-07-05 15:48:00.915422
30.4056034088,47.4957199097,2016-07-05 16:21:28.212553
30.4816741943,47.3844985962,2016-07-05 16:54:48.985767
30.5197105408,47.4883041382,2016-07-05 17:28:09.760640
30.7669448853,47.5550384521,2016-07-05 18:01:30.527849
30.6718559265,47.7255706787,2016-07-05 18:34:51.465560
30.9761428833,47.1286964417,2016-07-05 19:08:12.244827
30.9190883636,47.1249885559,2016-07-05 19:41:33.125440
30.9381065369,47.2139663696,2016-07-05 20:14:54.512814
30.9761428833,46.9729919434,2016-07-05 20:48:15.274566
30.9571247101,47.1620635986,2016-07-05 21:21:35.995325
30.862033844,47.3363037109,2016-07-05 21:54:56.818363
31.1092681885,46.6467475891,2016-07-05 22:28:17.541750
30.9190883636,47.2362060547,2016-07-05 23:01:38.265433
31.0141792297,47.4438171387,2016-07-05 23:34:58.935361
30.8810539246,47.3029403687,2016-07-06 00:08:19.655607
30.862033844,47.3659629822,2016-07-06 00:41:40.515753
31.0522155762,47.477180481,2016-07-06 01:15:01.334350
30.8239974976,47.966545105,2016-07-06 01:48:22.045440
-72.3295288086,26.9721069336,2016-07-06 02:21:42.823498
30.6718559265,48.5003967285,2016-07-06 02:55:04.001702
30.8430175781,49.3122940063,2016-07-06 03:28:25.315393
30.7669448853,50.4022445679,2016-07-06 04:01:46.005436
30.9000701904,49.8239059448,2016-07-06 04:35:06.779126
30.9761428833,49.4420509338,2016-07-06 05:08:27.605340
31.0141792297,48.7969818115,2016-07-06 05:41:48.445596
30.862033844,50.2391204834,2016-07-06 06:15:09.415259
31.0331954956,50.4986343384,2016-07-06 06:48:30.229442
-79.3852081299,26.957277298,2016-07-06 07:21:51.083541
30.6718559265,49.8869247437,2016-07-06 07:55:11.895443
30.7669448853,49.5273208618,2016-07-06 08:28:32.711553
30.7669448853,49.5273208618,2016-07-06 09:01:53.474632
-77.8447418213,26.957277298,2016-07-06 09:35:14.553514
-77.8447418213,26.957277298,2016-07-06 10:08:35.585768
-77.8447418213,26.957277298,2016-07-06 10:41:56.427426
-73.5466766357,26.9424476624,2016-07-06 11:15:17.331332
30.6338195801,49.3493690491,2016-07-06 11:48:38.246487
30.8810539246,48.159324646,2016-07-06 12:21:59.078021
31.0141792297,48.140789032,2016-07-06 12:55:20.305312
30.9761428833,48.0592269897,2016-07-06 13:28:41.200720
31.0331954956,48.6412734985,2016-07-06 14:02:01.975560
30.8239974976,47.6996231079,2016-07-06 14:35:22.818246
30.8810539246,47.8182525635,2016-07-06 15:08:43.975380
30.9761428833,47.9776687622,2016-07-06 15:42:04.736921
30.9381065369,47.7404022217,2016-07-06 16:15:25.505377
31.1092681885,45.9979705811,2016-07-06 16:48:46.305363
31.2614135742,47.1138687134,2016-07-06 17:22:07.075727
31.0522155762,47.3103561401,2016-07-06 17:55:28.255414
31.2233772278,47.3437194824,2016-07-06 18:28:49.122331
30.9190883636,47.0693817139,2016-07-06 19:02:10.747669
31.3184661865,46.8951339722,2016-07-06 19:35:31.510925
31.3184661865,46.8951339722,2016-07-06 20:08:52.294318
31.071231842,48.404006958,2016-07-06 20:42:13.238688
31.071231842,48.404006958,2016-07-06 21:15:34.193738
31.2233772278,48.0073242188,2016-07-06 21:48:54.996834
31.2233772278,48.0073242188,2016-07-06 22:22:15.824220
-63.505191803,26.9498634338,2016-07-06 22:55:36.563522
30.6718559265,46.0090942383,2016-07-06 23:28:57.439573
30.6718559265,46.0090942383,2016-07-07 00:02:18.474222
30.6718559265,46.0090942383,2016-07-07 00:35:39.269501
30.747926712,44.9339752197,2016-07-07 01:09:00.515385
30.747926712,44.9339752197,2016-07-07 01:42:21.214256
30.747926712,44.9339752197,2016-07-07 02:15:42.148280
30.3485488892,44.9969978333,2016-07-07 02:49:03.074529
30.538728714,44.2666625977,2016-07-07 03:22:24.113390
30.5957832336,45.5938720703,2016-07-07 03:55:44.927661
30.6338195801,46.5206985474,2016-07-07 04:29:06.136982
30.538728714,45.5975799561,2016-07-07 05:02:27.684756
30.4436378479,46.9359169006,2016-07-07 05:35:48.602511
30.6147994995,45.7718238831,2016-07-07 06:09:09.435722
30.6147994995,46.1981658936,2016-07-07 06:42:30.767983
30.6147994995,46.1981658936,2016-07-07 07:15:52.817102
30.9000701904,45.8126068115,2016-07-07 07:49:13.855497
29.9681892395,46.6319198608,2016-07-07 08:22:34.659558
30.6338195801,46.1499710083,2016-07-07 08:55:55.574191
-61.2800865173,27.079618454,2016-07-07 09:29:16.423531
30.7859630585,27.079618454,2016-07-07 10:02:37.336740
30.6338195801,47.1064529419,2016-07-07 10:35:58.129950
30.0062255859,46.8432312012,2016-07-07 11:09:18.943223
30.0062255859,46.8432312012,2016-07-07 11:42:39.711336
30.7859630585,46.7802124023,2016-07-07 12:16:02.515359
30.8810539246,46.3835296631,2016-07-07 12:49:23.380484
30.8810539246,46.3835296631,2016-07-07 13:22:44.201976
31.071231842,46.2204055786,2016-07-07 13:56:05.006934
30.8049812317,46.1351394653,2016-07-07 14:29:25.773410
31.0141792297,45.9794311523,2016-07-07 15:02:46.645608
31.0141792297,46.3983573914,2016-07-07 15:36:07.485381
30.9190883636,46.5985527039,2016-07-07 16:09:28.247660
30.6528358459,48.0629348755,2016-07-07 16:42:49.332312
29.6639022827,49.2640991211,2016-07-07 17:16:10.277579
29.6639022827,49.2640991211,2016-07-07 17:49:31.704283
29.6639022827,49.2640991211,2016-07-07 18:22:53.543348
29.6639022827,49.2640991211,2016-07-07 18:56:14.544134
31.1473045349,46.3167953491,2016-07-07 19:29:35.666213
31.1473045349,46.3167953491,2016-07-07 20:02:56.426820
31.1663227081,46.5318222046,2016-07-07 20:36:17.294344
30.9381065369,46.0980682373,2016-07-07 21:09:38.547586
31.0141792297,46.2278213501,2016-07-07 21:42:59.448730
31.0141792297,46.2278213501,2016-07-07 22:16:20.419987
31.0141792297,46.2278213501,2016-07-07 22:49:42.234185
31.0141792297,46.2278213501,2016-07-07 23:23:03.445759
31.0141792297,46.2278213501,2016-07-07 23:56:24.402618
31.2804298401,46.6504516602,2016-07-08 00:29:45.365421
31.2804298401,46.6504516602,2016-07-08 01:03:06.064203
31.0331954956,47.8293762207,2016-07-08 01:36:26.943920
31.0331954956,47.8293762207,2016-07-08 02:09:47.710340
-70.3706817627,26.9350337982,2016-07-08 02:43:08.494175
-68.2977142334,26.9498634338,2016-07-08 03:16:29.233565
-67.8983459473,26.9313259125,2016-07-08 03:49:52.193480
-67.8983459473,26.9313259125,2016-07-08 04:23:13.234175
30.862033844,48.2371788025,2016-07-08 04:56:34.031039
30.862033844,48.2371788025,2016-07-08 05:29:55.074529
30.862033844,48.2371788025,2016-07-08 06:03:15.994093
30.862033844,48.2371788025,2016-07-08 06:36:36.824208
30.8810539246,48.0147399902,2016-07-08 07:09:57.515353
30.6147994995,48.5485916138,2016-07-08 07:43:18.395606
30.6338195801,49.2937583923,2016-07-08 08:16:39.155582
30.9381065369,48.526348114,2016-07-08 08:50:00.077890
29.9872074127,52.6117935181,2016-07-08 09:23:21.008553
29.4927406311,51.996383667,2016-07-08 09:56:41.820617
-77.8637695312,27.220495224,2016-07-08 10:30:02.735145
-77.8637695312,27.220495224,2016-07-08 11:03:23.544272
30.0632781982,48.4114227295,2016-07-08 11:36:44.545365
30.9951591492,47.8701553345,2016-07-08 12:10:05.547650
30.862033844,48.7821502686,2016-07-08 12:43:26.513971
30.5767650604,48.6079101562,2016-07-08 13:16:47.443116
30.9190883636,47.9405975342,2016-07-08 13:50:08.477524
30.7098903656,47.3956222534,2016-07-08 14:23:29.406595
31.0141792297,47.4067459106,2016-07-08 14:56:50.362398
30.9951591492,47.8664474487,2016-07-08 15:30:11.237484
30.8049812317,47.721862793,2016-07-08 16:03:32.820620
-64.85546875,26.9016685486,2016-07-08 16:36:53.741550
-63.8094749451,26.9090824127,2016-07-08 17:10:14.653463
-63.8094749451,26.9090824127,2016-07-08 17:43:35.588059
31.2233772278,47.8219604492,2016-07-08 18:16:56.386800
30.9761428833,47.1731834412,2016-07-08 18:50:17.206138
30.9761428833,47.1731834412,2016-07-08 19:23:37.979434
30.9761428833,47.1731834412,2016-07-08 19:56:58.775251
30.9761428833,47.1731834412,2016-07-08 20:30:19.684761
30.9761428833,47.1731834412,2016-07-08 21:03:40.691334
32.0411491394,46.6801147461,2016-07-08 21:37:01.515345
31.8129348755,46.9766960144,2016-07-08 22:10:22.372878
31.8129348755,46.9766960144,2016-07-08 22:43:43.152611
31.6227531433,45.9423599243,2016-07-08 23:17:04.052305
31.2804298401,46.4243087769,2016-07-08 23:50:24.894368
31.0522155762,46.8617706299,2016-07-09 00:23:45.667242
30.9761428833,46.8209915161,2016-07-09 00:57:06.385468
30.9761428833,46.8209915161,2016-07-09 01:30:27.364248
30.6718559265,47.0805015564,2016-07-09 02:03:48.281064
30.6718559265,47.2324981689,2016-07-09 02:37:09.078159
30.7669448853,46.1054840088,2016-07-09 03:10:30.036672
30.538728714,47.0174789429,2016-07-09 03:43:51.820492
30.8239974976,46.3575782776,2016-07-09 04:17:12.635603
30.8239974976,46.3575782776,2016-07-09 04:50:33.443437
30.6908721924,45.3491897583,2016-07-09 05:23:54.457154
30.7859630585,46.3724060059,2016-07-09 05:57:15.352936
30.8430175781,46.8877220154,2016-07-09 06:30:36.452892
30.7669448853,46.8803062439,2016-07-09 07:03:58.255298
30.8049812317,47.1212806702,2016-07-09 07:37:19.248486
30.9761428833,46.7579650879,2016-07-09 08:10:41.307252
30.8049812317,47.5105476379,2016-07-09 08:44:03.215433
31.1853408813,48.5115203857,2016-07-09 09:17:23.975492
31.4325752258,49.0898590088,2016-07-09 09:50:44.805848
31.565700531,48.7413711548,2016-07-09 10:24:05.808426
31.679807663,48.963809967,2016-07-09 10:57:26.757083
31.8319511414,48.4299583435,2016-07-09 11:30:47.595825
31.889005661,49.4012718201,2016-07-09 12:04:08.345325
31.889005661,49.4012718201,2016-07-09 12:37:29.064452
32.003112793,51.3253593445,2016-07-09 13:10:50.225421
32.0411491394,49.5013656616,2016-07-09 13:44:10.915435
32.0791854858,49.0082969666,2016-07-09 14:17:31.681795
32.1362380981,49.4383430481,2016-07-09 14:50:52.487776
-76.2472381592,26.7459602356,2016-07-09 15:24:13.365185
31.7178440094,49.7052688599,2016-07-09 15:57:34.112810
-74.4785614014,26.7200107574,2016-07-09 16:30:55.033163
31.9460601807,48.7673225403,2016-07-09 17:04:15.942423
32.1742744446,49.3197097778,2016-07-09 17:37:36.820500
-73.0902557373,26.7422542572,2016-07-09 18:10:57.593605
32.1932945251,48.418838501,2016-07-09 18:44:22.855351
32.1932945251,48.418838501,2016-07-09 19:17:43.604225
32.1932945251,48.418838501,2016-07-09 19:51:05.604237
31.9080238342,48.5634231567,2016-07-09 20:24:26.532288
32.0791854858,48.6894683838,2016-07-09 20:57:47.605370
31.9650764465,48.5189361572,2016-07-09 21:31:08.355349
31.8509693146,48.5041046143,2016-07-09 22:04:29.225717
31.7939147949,48.6820526123,2016-07-09 22:37:50.237399
32.0221328735,48.5708351135,2016-07-09 23:11:11.000504
31.7748985291,48.6820526123,2016-07-09 23:44:31.885419
31.679807663,48.544883728,2016-07-10 00:17:52.595524
31.8129348755,48.7042999268,2016-07-10 00:51:13.515823
31.5847167969,48.6783447266,2016-07-10 01:24:34.755446
-74.2693634033,49.3085861206,2016-07-10 01:57:55.534765
31.5847167969,48.2964935303,2016-07-10 02:31:16.492822
31.5847167969,48.2964935303,2016-07-10 03:04:42.194287
31.5086460114,49.6051712036,2016-07-10 03:38:03.007608
31.4325752258,49.3827362061,2016-07-10 04:11:23.780848
31.679807663,49.4309310913,2016-07-10 04:44:44.604446
31.3755187988,49.6978530884,2016-07-10 05:18:05.520475
31.6227531433,49.3271255493,2016-07-10 05:51:26.345375
31.6227531433,49.3271255493,2016-07-10 06:24:47.274370
31.8509693146,49.0898590088,2016-07-10 06:58:08.095391
31.3184661865,50.3466339111,2016-07-10 07:31:29.095643
31.4135551453,50.5171661377,2016-07-10 08:04:49.988715
31.2614135742,48.6412734985,2016-07-10 08:38:11.045888
31.2614135742,48.6412734985,2016-07-10 09:11:38.324227
31.679807663,48.4002990723,2016-07-10 09:44:59.505358
31.679807663,48.4002990723,2016-07-10 10:18:21.094293
31.7368621826,47.7292785645,2016-07-10 10:51:42.013587
31.9460601807,46.8321113586,2016-07-10 11:25:02.715428
31.9460601807,46.8321113586,2016-07-10 11:58:23.469663
31.8319511414,45.2490959167,2016-07-10 12:31:44.379873
-60.8236503601,26.7682056427,2016-07-10 13:05:05.213154
32.003112793,46.7876243591,2016-07-10 13:38:26.130326
31.9650764465,46.2092857361,2016-07-10 14:11:53.404434
31.9460601807,45.4270477295,2016-07-10 14:45:14.330967
31.9270401001,46.4947471619,2016-07-10 15:18:35.434350
31.7939147949,46.8061599731,2016-07-10 15:51:56.388148
31.6988258362,49.1232223511,2016-07-10 16:25:17.295359
31.0522155762,48.0740585327,2016-07-10 16:58:38.155436
31.6417713165,47.0916213989,2016-07-10 17:31:59.034577
31.1663227081,48.4633255005,2016-07-10 18:05:19.946664
31.4135551453,47.6551322937,2016-07-10 18:38:40.818400
31.565700531,46.2797241211,2016-07-10 19:12:01.592927
30.862033844,46.2723083496,2016-07-10 19:45:22.295636
31.1473045349,45.8941650391,2016-07-10 20:18:42.965374
31.2614135742,45.6754341125,2016-07-10 20:52:03.727096
31.1853408813,45.2490959167,2016-07-10 21:25:24.550177
31.1853408813,44.878364563,2016-07-10 21:58:45.305363
31.1853408813,44.7337799072,2016-07-10 22:32:06.035433
31.2043571472,44.9784622192,2016-07-10 23:05:26.799667
31.2614135742,45.0933876038,2016-07-10 23:38:47.684857
31.1853408813,44.841293335,2016-07-11 00:12:08.435443
31.1092681885,45.6568984985,2016-07-11 00:45:29.227585
-55.9550514221,26.9535694122,2016-07-11 01:18:50.089212
-55.9550514221,26.9535694122,2016-07-11 01:52:11.104202
31.0522155762,46.5837249756,2016-07-11 02:25:33.057644
30.9190883636,46.7246017456,2016-07-11 02:58:53.923791
30.8810539246,47.0990371704,2016-07-11 03:32:14.820571
30.9571247101,47.6996231079,2016-07-11 04:05:36.455381
-63.8284950256,26.8979606628,2016-07-11 04:38:57.293544
-64.646270752,26.9276180267,2016-07-11 05:12:18.213372
-65.6161804199,26.9127902985,2016-07-11 05:45:39.103512
-65.0076141357,26.9980583191,2016-07-11 06:18:59.983665
30.3865852356,48.0518112183,2016-07-11 06:52:22.007672
30.6718559265,48.088886261,2016-07-11 07:25:42.960855
30.6718559265,48.088886261,2016-07-11 07:59:03.794340
30.6718559265,48.088886261,2016-07-11 08:32:24.703091
31.2804298401,47.0397186279,2016-07-11 09:05:45.727785
30.9190883636,47.7923049927,2016-07-11 09:39:06.535363
29.1694335938,49.2196121216,2016-07-11 10:12:27.555350
29.4166679382,48.9563941956,2016-07-11 10:45:48.375427
29.074344635,49.8721008301,2016-07-11 11:19:09.235392
31.1092681885,46.8135757446,2016-07-11 11:52:30.002880
31.1092681885,46.8135757446,2016-07-11 12:25:50.786314
31.1092681885,44.915435791,2016-07-11 12:59:11.582611
31.1092681885,44.915435791,2016-07-11 13:32:32.445234
31.3374843597,44.4631462097,2016-07-11 14:05:53.315372
32.1932945251,44.3667564392,2016-07-11 14:39:14.255405
32.1932945251,44.3667564392,2016-07-11 15:12:35.004491
32.2503471375,43.7550544739,2016-07-11 15:45:55.725604
32.5165977478,43.6475410461,2016-07-11 16:19:16.497504
32.7638320923,43.9515380859,2016-07-11 16:52:37.322599
32.7638320923,43.9515380859,2016-07-11 17:25:58.194199
32.70677948,42.6057891846,2016-07-11 17:59:19.055234
32.0791854858,41.842086792,2016-07-11 18:32:39.820699
32.0982055664,41.9496002197,2016-07-11 19:06:00.818289
32.1742744446,42.279548645,2016-07-11 19:39:21.716699
32.0791854858,41.8717460632,2016-07-11 20:12:42.586839
32.0601654053,42.1460838318,2016-07-11 20:46:03.582089
31.7939147949,40.9486274719,2016-07-11 21:19:24.365598
31.3374843597,41.1117477417,2016-07-11 21:52:45.228659
31.5276641846,41.6196479797,2016-07-11 22:26:06.053901
-36.9941215515,26.816400528,2016-07-11 22:59:26.772671
-39.8278007507,26.905374527,2016-07-11 23:32:47.823511
-39.8278007507,26.905374527,2016-07-12 00:06:08.647070
-37.4885902405,27.027715683,2016-07-12 00:39:29.443481
30.1964054108,42.298084259,2016-07-12 01:12:50.461819
29.7399749756,41.004234314,2016-07-12 01:46:11.230431
29.8160457611,42.1423797607,2016-07-12 02:19:32.025416
29.9111366272,42.420425415,2016-07-12 02:52:52.791008
29.7399749756,42.0089149475,2016-07-12 03:26:13.485572
-37.4125175476,27.1203975677,2016-07-12 03:59:34.343543
29.9681892395,27.1203975677,2016-07-12 04:32:55.184823
30.0822982788,42.576133728,2016-07-12 05:06:16.038345
30.3865852356,43.6883239746,2016-07-12 05:39:37.545319
30.9571247101,43.9626617432,2016-07-12 06:12:58.582126
-56.3163948059,26.9683990479,2016-07-12 06:46:19.483483
30.5767650604,45.7236289978,2016-07-12 07:19:40.398553
30.5767650604,45.7236289978,2016-07-12 07:53:01.446661
30.5767650604,45.7236289978,2016-07-12 08:26:22.251406
-48.2147331238,26.8831310272,2016-07-12 08:59:43.073619
-48.2147331238,26.8831310272,2016-07-12 09:33:03.988913
28.6749668121,41.8309631348,2016-07-12 10:06:24.798964
-34.0273170471,26.7793273926,2016-07-12 10:39:45.711990
31.9650764465,42.4500846863,2016-07-12 11:13:08.588022
-36.9941215515,26.7237167358,2016-07-12 11:46:29.513213
-29.8813972473,26.6718139648,2016-07-12 12:19:50.463528
-29.3488960266,26.7200107574,2016-07-12 12:53:11.303616
-30.0145225525,26.6940593719,2016-07-12 13:26:32.283485
-14.7621040344,26.6718139648,2016-07-12 13:59:53.232818
-14.3246879578,26.7756195068,2016-07-12 14:33:14.153558
-14.3246879578,26.7756195068,2016-07-12 15:06:35.189950
-14.3246879578,26.7756195068,2016-07-12 15:39:55.990209
32.5356178284,38.6204414368,2016-07-12 16:13:16.814424
32.5356178284,38.6204414368,2016-07-12 16:46:38.592552
33.0681190491,37.4711799622,2016-07-12 17:19:59.355359
33.0871391296,38.7835617065,2016-07-12 17:53:20.170144
32.6877593994,39.384147644,2016-07-12 18:26:40.855629
-20.7527656555,26.6013755798,2016-07-12 19:00:01.583563
32.4215087891,37.0596694946,2016-07-12 19:33:22.525612
32.1172218323,37.0337181091,2016-07-12 20:06:43.275492
32.1172218323,37.0337181091,2016-07-12 20:40:04.229731
32.1172218323,37.0337181091,2016-07-12 21:13:25.145756
32.1172218323,37.0337181091,2016-07-12 21:46:45.940593
-6.22302818298,26.9424476624,2016-07-12 22:20:07.013527
-6.22302818298,26.9424476624,2016-07-12 22:53:28.025416
-6.22302818298,26.9424476624,2016-07-12 23:26:48.845060
-14.2105827332,26.9906425476,2016-07-13 00:00:09.633472
30.3675670624,37.4415206909,2016-07-13 00:33:30.574006
30.215423584,37.3673744202,2016-07-13 01:06:51.465466
29.8921165466,36.4034767151,2016-07-13 01:40:12.295451
-15.5038032532,27.1092758179,2016-07-13 02:13:34.373449
-15.5038032532,27.1092758179,2016-07-13 02:46:55.258476
28.3896980286,36.4665031433,2016-07-13 03:20:16.184489
28.4467506409,38.2163467407,2016-07-13 03:53:46.810127
28.1805000305,43.8292007446,2016-10-20 20:40:34.976172
28.0283546448,43.0729103088,2016-10-20 21:13:55.017460
27.5909423828,41.8198432922,2016-10-20 21:47:15.757743
26.7541503906,42.5279388428,2016-10-20 22:20:36.727723
26.6210250854,42.0682296753,2016-10-20 22:53:57.634496
26.3167381287,43.4102745056,2016-10-20 23:27:18.890811
26.08852005,43.2842254639,2016-10-21 00:00:39.799511
26.0124492645,43.6178817749,2016-10-21 00:34:00.721836
25.8222694397,44.9895858765,2016-10-21 01:07:21.773903
25.6511077881,42.9616928101,2016-10-21 01:40:42.667231
25.5560188293,43.5993461609,2016-10-21 02:14:03.484182
26.8112049103,41.3712615967,2016-10-21 02:47:29.227491
27.6099586487,40.5927276611,2016-10-21 03:20:50.337516
27.8571929932,41.4787712097,2016-10-21 03:54:11.445251
28.0854091644,41.9607200623,2016-10-21 04:27:32.227504
28.2375526428,42.1423797607,2016-10-21 05:00:53.127537
28.3136253357,42.9802284241,2016-10-21 05:34:13.913879
28.5988960266,42.4982795715,2016-10-21 06:07:34.772093
29.0553264618,42.8615951538,2016-10-21 06:40:55.770711
28.3136253357,47.1954269409,2016-10-21 07:14:16.637536
28.6369304657,44.5891952515,2016-10-21 07:47:37.489335
27.9142475128,40.3739967346,2016-10-21 08:20:58.340567
28.9031829834,43.2656898499,2016-10-21 08:54:19.137758
28.9602355957,42.0904769897,2016-10-21 09:27:39.987442
28.9602355957,40.0737037659,2016-10-21 10:01:00.829707
29.1313972473,41.4379920959,2016-10-21 10:34:22.107729
29.397649765,41.4268684387,2016-10-21 11:07:43.180902
29.3596153259,41.9199409485,2016-10-21 11:41:04.402467
29.2074699402,41.8680381775,2016-10-21 12:14:25.320283
29.4547042847,45.2602157593,2016-10-21 12:47:47.563617
29.5878295898,40.8040428162,2016-10-21 13:21:08.417564
27.3056716919,37.5601539612,2016-10-21 13:54:29.427390
27.8381748199,35.4618225098,2016-10-21 14:27:50.531999
29.0363082886,36.5258178711,2016-10-21 15:01:11.612388
28.7320213318,37.4044494629,2016-10-21 15:34:32.612400
28.8461284637,36.4108924866,2016-10-21 16:07:53.463071
29.188451767,38.0383987427,2016-10-21 16:41:14.365170
29.3025588989,40.3851165771,2016-10-21 17:14:35.217668
28.7510375977,38.1533241272,2016-10-21 17:47:56.119083
29.4166679382,39.4286346436,2016-10-21 18:21:17.142897
29.3025588989,38.4795646667,2016-10-21 18:54:38.065020
27.8001403809,35.613822937,2016-10-21 19:28:03.802621
28.2946071625,37.2302055359,2016-10-21 20:01:24.887676
29.4166679382,37.7900085449,2016-10-21 20:34:45.612366
29.6068477631,38.857711792,2016-10-21 21:08:06.537536
29.6829185486,39.6473655701,2016-10-21 21:41:27.439327
29.6829185486,39.6473655701,2016-10-21 22:14:48.624690
30.1964054108,33.6081733704,2016-10-21 22:48:09.551742
29.2455062866,32.6739349365,2016-10-21 23:21:30.467326
28.7510375977,32.507106781,2016-10-21 23:54:51.377472
28.7510375977,32.507106781,2016-10-22 00:28:12.166362
-5.97579574585,35.4766540527,2016-10-22 01:01:33.043943
29.7399749756,36.155090332,2016-10-22 01:34:55.019986
29.6829185486,36.4702072144,2016-10-22 02:08:15.719668
29.7589912415,35.8288459778,2016-10-22 02:41:36.612315
29.6829185486,36.3997688293,2016-10-22 03:14:57.499983
29.5307769775,36.3849411011,2016-10-22 03:48:18.668487
29.4737205505,36.9595718384,2016-10-22 04:21:39.542103
29.3596153259,36.9744033813,2016-10-22 04:55:00.227511
29.4356861115,36.5888442993,2016-10-22 05:28:21.047526
27.9522838593,39.5620956421,2016-10-22 06:01:41.796671
26.7161140442,42.2498893738,2016-10-22 06:35:02.666771
26.4308452606,40.0329246521,2016-10-22 07:08:23.537508
25.6320896149,37.2784004211,2016-10-22 07:41:44.415558
25.9173583984,39.4694137573,2016-10-22 08:15:05.227533
25.727180481,42.0237426758,2016-10-22 08:48:26.048323
25.44190979,40.0477523804,2016-10-22 09:21:46.841587
25.6130714417,40.3702888489,2016-10-22 09:55:07.612362
-36.8229598999,28.0768814087,2016-10-22 10:28:28.615641
25.4799461365,40.0477523804,2016-10-22 11:01:49.745777
24.79529953,40.5408248901,2016-10-22 11:35:10.657158
-31.7831954956,27.8878097534,2016-10-22 12:08:31.585697
-36.803943634,27.8581504822,2016-10-22 12:41:52.505657
-42.4522819519,27.709859848,2016-10-22 13:15:13.265627
27.6860313416,42.2573051453,2016-10-22 13:48:33.970025
27.7811222076,40.1775093079,2016-10-22 14:21:55.107517
28.1995162964,41.6752586365,2016-10-22 14:55:15.865333
28.3136253357,41.4824790955,2016-10-22 15:28:36.719093
28.5418395996,40.9412117004,2016-10-22 16:01:57.687771
28.6749668121,43.9811973572,2016-10-22 16:35:18.612323
28.8080921173,43.8106613159,2016-10-22 17:08:39.600313
28.6749668121,44.6892929077,2016-10-22 17:42:00.427682
31.0902500153,49.9277076721,2016-10-22 18:15:21.311778
32.9730300903,47.2176704407,2016-10-22 18:48:42.070114
30.3485488892,42.9691047668,2016-10-22 21:03:29.982777
31.071231842,42.1609153748,2016-10-22 21:33:42.279286
30.538728714,42.1164245605,2016-10-22 22:07:02.385078
30.0062255859,41.5640411377,2016-10-22 22:40:23.924632
29.4737205505,42.016330719,2016-10-22 23:13:44.810237
29.3215789795,41.9014053345,2016-10-22 23:47:05.674588
29.2074699402,42.6725234985,2016-10-23 00:20:26.557904
28.9792556763,42.3944740295,2016-10-23 00:53:47.424571
28.7890739441,41.4491119385,2016-10-23 01:27:08.405327
28.579875946,41.8717460632,2016-10-23 02:00:29.143459
28.4277324677,41.2081375122,2016-10-23 02:33:49.924593
28.1995162964,40.3628730774,2016-10-23 03:07:10.864159
28.0093383789,39.9291191101,2016-10-23 03:40:31.784759
27.7811222076,39.4619979858,2016-10-23 04:13:52.674582
27.6860313416,39.6065826416,2016-10-23 04:47:13.424576
27.5909423828,39.7215118408,2016-10-23 05:20:34.562011
27.3437080383,40.4407272339,2016-10-23 05:53:55.584577
27.3437080383,39.6399497986,2016-10-23 06:27:16.438135
26.8112049103,40.2034606934,2016-10-23 07:00:37.327714
26.4498634338,41.2192611694,2016-10-23 07:33:58.352436
26.906293869,39.9736061096,2016-10-23 08:07:19.254803
28.16147995,39.5880470276,2016-10-23 08:40:40.121006
28.047372818,40.5371170044,2016-10-23 09:14:01.323743
27.5338878632,43.7105636597,2016-10-23 09:47:22.244826
27.933265686,41.5566253662,2016-10-23 10:20:43.237601
28.0663909912,41.9570121765,2016-10-23 10:54:03.991744
28.2375526428,43.8959312439,2016-10-23 11:27:25.017492
28.218536377,42.9579849243,2016-10-23 12:00:45.941305
28.3326416016,45.0489006042,2016-10-23 12:34:06.848000
28.2946071625,43.0766181946,2016-10-23 13:07:27.774666
28.4657688141,39.4323425293,2016-10-23 13:40:48.712948
27.9142475128,39.4063911438,2016-10-23 14:14:09.659543
28.256570816,39.0134162903,2016-10-23 14:47:30.484624
28.5228233337,38.0421028137,2016-10-23 15:20:51.345326
28.3516616821,36.7519645691,2016-10-23 15:54:12.096452
28.6369304657,37.0485458374,2016-10-23 16:27:33.027057
26.9633483887,38.3127365112,2016-10-23 17:00:54.174652
27.6479949951,41.4454040527,2016-10-23 17:34:15.174535
28.16147995,39.9587783813,2016-10-23 18:07:36.314871
27.7430858612,42.4982795715,2016-10-23 18:40:57.578855
27.7811222076,41.1228713989,2016-10-23 19:14:18.725756
27.3246898651,40.0588760376,2016-10-23 19:47:39.504624
27.7811222076,46.8024520874,2016-10-23 20:21:00.324668
27.7050495148,43.9886131287,2016-10-23 20:54:21.248165
27.6860313416,41.2377967834,2016-10-23 21:27:42.158265
27.5338878632,41.0005302429,2016-10-23 22:01:03.078781
27.0964736938,39.9439468384,2016-10-23 22:34:23.864543
26.7731685638,40.0403366089,2016-10-23 23:07:44.729252
26.5259342194,39.8846321106,2016-10-23 23:41:05.604681
26.3167381287,39.9921417236,2016-10-24 00:14:26.479797
26.3547725677,40.7410202026,2016-10-24 00:47:47.345106
26.2787017822,41.2859916687,2016-10-24 01:21:08.636676
26.2026290894,41.7456970215,2016-10-24 01:54:29.455190
26.5069160461,41.3045272827,2016-10-24 02:27:50.374181
26.1836109161,41.2934036255,2016-10-24 03:01:11.296316
26.1836109161,41.5751609802,2016-10-24 03:34:32.416980
26.373790741,41.1006240845,2016-10-24 04:07:53.504866
26.5449523926,42.3240356445,2016-10-24 04:41:14.174614
26.6020069122,43.3917388916,2016-10-24 05:14:34.986449
26.6970977783,43.5474433899,2016-10-24 05:47:55.874650
26.8492393494,44.1851005554,2016-10-24 06:21:16.744594
27.0394210815,44.4483184814,2016-10-24 06:54:37.600415
27.7050495148,44.4705619812,2016-10-24 07:27:58.454435
27.9142475128,42.6651077271,2016-10-24 08:01:19.186581
27.8191566467,41.73828125,2016-10-24 08:34:39.931978
28.16147995,41.3897972107,2016-10-24 09:08:00.934631
28.5988960266,42.2906684875,2016-10-24 09:41:21.874650
29.8350639343,43.4251022339,2016-10-24 10:14:42.890930
29.3025588989,41.8902816772,2016-10-24 10:48:03.815397
30.1583690643,41.6900863647,2016-10-24 11:21:25.262339
30.747926712,42.9950561523,2016-10-24 11:54:46.174538
31.1473045349,44.4038314819,2016-10-24 12:28:07.100502
30.9761428833,43.7402229309,2016-10-24 13:01:27.934692
31.0522155762,43.4065666199,2016-10-24 13:34:48.947906
30.7098903656,42.9839324951,2016-10-24 14:08:09.953332
30.3865852356,43.3435440063,2016-10-24 14:41:30.899928
29.4356861115,43.0469589233,2016-10-24 15:14:51.799688
29.6639022827,43.4992485046,2016-10-24 15:48:12.747726
29.4166679382,43.5326156616,2016-10-24 16:21:33.675284
29.4166679382,48.196395874,2016-10-24 16:54:54.811156
29.9491710663,52.7007675171,2016-10-24 17:28:15.454546
28.218536377,46.7913322449,2016-10-24 18:01:36.274859
29.8350639343,46.0869445801,2016-10-24 18:34:57.304709
30.6908721924,50.0018539429,2016-10-24 19:08:19.384602
27.4197807312,41.508430481,2016-10-24 19:41:40.153333
29.7970275879,41.8309631348,2016-10-24 20:15:01.073622
30.1773872375,42.2535972595,2016-10-24 20:48:21.839575
29.9301528931,42.5538864136,2016-10-24 21:21:42.716727
29.720954895,41.6937942505,2016-10-24 21:55:03.948004
27.8762111664,43.1211051941,2016-10-24 22:28:24.834731
27.2105827332,43.2953491211,2016-10-24 23:01:45.494652
27.1345100403,43.4213943481,2016-10-24 23:35:06.423834
26.8302230835,43.8069534302,2016-10-25 00:08:27.350798
26.3928089142,44.1628570557,2016-10-25 00:41:48.438167
26.2977180481,43.2471542358,2016-10-25 01:15:09.534852
26.259683609,44.3778800964,2016-10-25 01:48:30.365836
25.9173583984,43.6697845459,2016-10-25 02:21:51.131178
26.0314674377,43.7995414734,2016-10-25 02:55:11.944641
25.8793239594,44.5929031372,2016-10-25 03:28:32.878593
25.8412876129,44.3111495972,2016-10-25 04:01:53.614813
25.5750350952,45.019241333,2016-10-25 04:35:14.484669
25.5940532684,44.1035385132,2016-10-25 05:08:35.514611
26.2787017822,43.6809082031,2016-10-25 05:41:56.594973
26.5639705658,43.5919342041,2016-10-25 06:15:17.438186
27.2486190796,44.6299743652,2016-10-25 06:48:38.234654
27.5719242096,44.6930007935,2016-10-25 07:21:58.972689
27.5719242096,46.3242111206,2016-10-25 07:55:20.544197
27.3817443848,44.2814903259,2016-10-25 08:28:41.574391
27.3627262115,46.0461654663,2016-10-25 09:02:02.464602
27.2105827332,46.0758209229,2016-10-25 09:35:23.201703
27.2486190796,45.8237266541,2016-10-25 10:08:43.904600
27.0394210815,46.0387496948,2016-10-25 10:42:04.669430
27.2866535187,47.4030380249,2016-10-25 11:15:25.591676
27.4768333435,48.3409805298,2016-10-25 11:48:46.474885
27.7430858612,49.7201004028,2016-10-25 12:22:07.540185
27.8001403809,47.9591293335,2016-10-25 12:55:28.460850
27.5529060364,46.9359169006,2016-10-25 13:28:49.154823
27.6289787292,47.2844009399,2016-10-25 14:02:09.894417
27.7430858612,46.6170883179,2016-10-25 14:35:30.634936
27.9713020325,46.2092857361,2016-10-25 15:08:51.304626
28.0854091644,47.2695732117,2016-10-25 15:42:12.028565
28.0283546448,48.893371582,2016-10-25 16:15:32.957568
27.7621040344,48.0406913757,2016-10-25 16:48:53.794937
27.8762111664,48.804397583,2016-10-25 17:22:14.753569
28.0093383789,50.0908279419,2016-10-25 17:55:35.594851
28.2375526428,52.5932540894,2016-10-25 18:28:56.284641
28.0663909912,52.8416442871,2016-10-25 19:02:17.070639
27.1154918671,51.7850646973,2016-10-25 19:35:37.818430
27.0584373474,50.706237793,2016-10-25 20:08:58.664787
26.1075401306,50.4652633667,2016-10-25 20:42:19.734568
26.8112049103,48.7932739258,2016-10-25 21:15:40.624642
26.6780776978,48.4596176147,2016-10-25 21:49:01.564466
26.5449523926,48.2594223022,2016-10-25 22:22:22.464904
26.3357543945,48.8488845825,2016-10-25 22:55:43.334896
26.2216472626,47.89610672,2016-10-25 23:29:04.245220
26.1455745697,48.1333770752,2016-10-26 00:02:25.114793
25.9744129181,48.3113250732,2016-10-26 00:35:45.799860
25.936378479,47.1435241699,2016-10-26 01:09:06.674022
26.050485611,48.3817634583,2016-10-26 01:42:27.734605
25.8032512665,48.070350647,2016-10-26 02:15:48.645522
25.7842330933,48.0481071472,2016-10-26 02:49:09.365886
25.7842330933,46.5021629333,2016-10-26 03:22:30.064574
25.8032512665,47.0360145569,2016-10-26 03:55:50.744826
25.76521492,47.75522995,2016-10-26 04:29:11.724626
25.7081623077,48.0592269897,2016-10-26 05:02:32.438152
25.7081623077,48.0592269897,2016-10-26 05:35:53.099669
25.7081623077,48.0592269897,2016-10-26 06:09:13.861546
26.7921867371,48.9081993103,2016-10-26 06:42:34.786945
27.3246898651,48.9081993103,2016-10-26 07:15:55.606456
27.7621040344,49.3938560486,2016-10-26 07:49:16.734324
27.9142475128,48.526348114,2016-10-26 08:22:37.655129
28.0854091644,48.7784423828,2016-10-26 08:55:58.381077
28.5608596802,49.6793212891,2016-10-26 09:29:19.365403
28.9792556763,49.6793212891,2016-10-26 10:02:40.118663
29.5307769775,49.6793212891,2016-10-26 10:36:00.882879
-85.4899749756,27.1166915894,2016-10-26 11:09:22.552820
29.8160457611,49.8943405151,2016-10-26 11:42:43.426686
30.0062255859,49.0824432373,2016-10-26 12:16:04.474381
29.9872074127,48.1704483032,2016-10-26 12:49:25.471058
29.5878295898,36.5591850281,2016-12-30 19:42:46.890337
29.7399749756,36.3219146729,2016-12-30 20:16:06.999881
29.5688114166,36.9781074524,2016-12-30 20:49:28.464429
29.3025588989,36.5888442993,2016-12-30 21:22:49.401438
29.074344635,35.9437713623,2016-12-30 21:56:10.305703
29.0933609009,36.3552818298,2016-12-30 22:29:31.172687
28.7700576782,36.5517692566,2016-12-30 23:02:51.912360
28.7700576782,36.0179176331,2016-12-30 23:36:12.803120
29.4166679382,35.9400634766,2016-12-31 00:09:33.672479
29.7780094147,34.6313896179,2016-12-31 00:42:54.572574
29.6258659363,34.757434845,2016-12-31 01:16:15.425280
29.3596153259,35.5878715515,2016-12-31 01:49:36.310334
29.3025588989,36.7667922974,2016-12-31 02:22:57.322527
29.0363082886,36.1921615601,2016-12-31 02:56:18.202391
28.8461284637,36.3552818298,2016-12-31 03:29:39.055837
28.6749668121,36.2811355591,2016-12-31 04:02:59.839110
28.6749668121,36.6481590271,2016-12-31 04:36:20.698914
28.4277324677,36.4813308716,2016-12-31 05:09:41.522681
28.256570816,37.1189880371,2016-12-31 05:43:02.453794
28.1424636841,37.2264976501,2016-12-31 06:16:23.334678
28.0854091644,37.2450332642,2016-12-31 06:49:44.242684
27.8001403809,37.4526443481,2016-12-31 07:23:05.163648
28.256570816,38.2793731689,2016-12-31 07:56:26.056271
28.4657688141,38.9244422913,2016-12-31 08:29:46.942410
28.6939849854,38.3238601685,2016-12-31 09:03:07.812565
29.0172901154,39.261806488,2016-12-31 09:36:29.413862
28.8841648102,37.3710823059,2016-12-31 10:09:50.329831
29.4166679382,37.9716644287,2016-12-31 10:43:11.142363
29.4737205505,37.5193748474,2016-12-31 11:16:32.026481
29.3215789795,36.6147918701,2016-12-31 11:49:52.902410
29.2074699402,38.1718597412,2016-12-31 12:23:13.840749
29.3405952454,37.4229850769,2016-12-31 12:56:34.742184
29.2835426331,36.7816238403,2016-12-31 13:29:55.585064
28.9602355957,37.7269821167,2016-12-31 14:03:16.533009
28.9221992493,38.772441864,2016-12-31 14:36:37.352638
27.8001403809,40.1515579224,2016-12-31 15:09:58.142385
27.1535282135,41.1525268555,2016-12-31 15:43:19.042395
26.582988739,40.7521400452,2016-12-31 16:16:39.865814
26.5449523926,40.8856048584,2016-12-31 16:50:00.678134
27.0394210815,42.138671875,2016-12-31 17:23:21.381841
28.0093383789,42.0904769897,2016-12-31 17:56:42.349790
28.4087142944,41.3749656677,2016-12-31 18:30:03.182473
27.5338878632,40.3739967346,2016-12-31 19:03:24.022739
27.8762111664,39.8586807251,2016-12-31 19:36:44.962523
28.1234455109,40.1478500366,2016-12-31 20:10:05.731418
29.1123809814,40.2442398071,2016-12-31 20:43:26.762952
29.3786315918,39.7697067261,2016-12-31 21:16:47.522419
28.8461284637,38.75390625,2016-12-31 21:50:08.381951
28.2946071625,38.6204414368,2016-12-31 22:23:30.381861
28.047372818,39.050491333,2016-12-31 22:56:51.182404
29.3215789795,40.7113609314,2016-12-31 23:30:12.141502
-26.420124054,52.8156967163,2017-01-01 00:03:33.047070
29.511756897,38.475856781,2017-01-01 00:36:52.910209
29.397649765,37.6639595032,2017-01-01 01:10:13.702325
29.8160457611,37.5453262329,2017-01-01 01:43:34.637791
31.2423934937,35.4469947815,2017-01-01 02:16:55.561847
31.7178440094,33.6600761414,2017-01-01 02:50:16.422804
31.7558784485,34.0048522949,2017-01-01 03:23:37.348061
31.679807663,32.8630065918,2017-01-01 03:56:58.253370
31.3945388794,32.840763092,2017-01-01 04:30:19.049290
31.2804298401,32.9408607483,2017-01-01 05:03:39.953507
30.9571247101,32.2772521973,2017-01-01 05:37:00.798248
30.7289085388,32.8259315491,2017-01-01 06:10:21.578229
30.538728714,33.0446624756,2017-01-01 06:43:42.408075
30.2344398499,32.6072006226,2017-01-01 07:17:03.387592
30.3105125427,33.7490501404,2017-01-01 07:50:24.278074
30.6338195801,33.9677810669,2017-01-01 08:23:45.223759
30.6338195801,33.2411499023,2017-01-01 08:57:06.140689
30.6338195801,33.5636863708,2017-01-01 09:30:26.991711
30.7669448853,34.0604629517,2017-01-01 10:03:47.913529
30.5577468872,33.9344177246,2017-01-01 10:37:08.731718
30.7669448853,33.9158782959,2017-01-01 11:10:30.344473
30.9571247101,33.0112991333,2017-01-01 11:43:51.179503
30.7859630585,31.8064250946,2017-01-01 12:17:12.145668
30.9000701904,30.0083847046,2017-01-01 12:50:32.957995
30.6528358459,29.6117038727,2017-01-01 13:23:53.853956
30.1393508911,29.4708271027,2017-01-01 13:57:14.760161
29.0933609009,31.5654506683,2017-01-01 14:30:35.669569
29.9111366272,31.2911109924,2017-01-01 15:03:56.520147
30.5767650604,32.7925682068,2017-01-01 15:37:17.384411
30.9761428833,31.2169647217,2017-01-01 16:10:38.218350
31.2233772278,29.6302394867,2017-01-01 16:43:59.151592
31.0902500153,31.0872097015,2017-01-01 17:17:20.093724
31.1473045349,32.12525177,2017-01-01 17:50:40.998683
31.4325752258,31.5432071686,2017-01-01 18:24:01.780269
31.679807663,31.131696701,2017-01-01 18:57:22.688582
31.7368621826,31.1724777222,2017-01-01 19:30:43.578296
31.679807663,30.0639953613,2017-01-01 20:04:04.399833
29.1313972473,34.3199768066,2017-01-01 20:37:25.157988
